ip,latitude,longitude,device_type,model,location_label,last_seen,port,org,country,region,poc_batch,trial_profile
10.0.0.1,39.032684,-77.46439,PTZ Camera,Sony SNC-EP580,Washington Sector 1,2026-02-12,80,Verizon,US,North America,GLOBAL_500_V1,baseline
10.0.0.2,40.794243,-74.427396,IP Camera,Hanwha XNV-8080R,New York Sector 2,2026-02-11,443,Airtel,US,North America,GLOBAL_500_V1,baseline
10.0.0.3,19.180997,-99.052861,PTZ Camera,Sony SNC-EP580,Mexico City Sector 3,2025-09-05,8080,Cloudflare,MX,North America,GLOBAL_500_V1,baseline
10.0.0.4,43.453284,-79.639418,IP Camera,Bosch FLEXIDOME,Toronto Sector 4,2025-08-11,80,Cloudflare,CA,North America,GLOBAL_500_V1,baseline
10.0.0.5,5.023745,-73.978747,IP Camera,Bosch FLEXIDOME,Bogota Sector 5,2025-05-12,80,DigitalOcean,CO,South America,GLOBAL_500_V1,baseline
10.0.0.6,-11.749936,-76.936132,PTZ Camera,Sony SNC-EP580,Lima Sector 6,2025-04-12,80,Comcast,PE,South America,GLOBAL_500_V1,baseline
10.0.0.7,-23.405363,-46.387538,IP Camera,Bosch FLEXIDOME,Sao Paulo Sector 7,2025-01-10,554,BT,BR,South America,GLOBAL_500_V1,baseline
10.0.0.8,-34.481584,-58.503251,Dome Camera,Sony SNC-EP580,Buenos Aires Sector 8,2026-02-14,80,AT&T,AR,South America,GLOBAL_500_V1,baseline
10.0.0.9,51.538126,-0.35747,PTZ Camera,Sony SNC-EP580,London Sector 9,2025-11-06,554,Comcast,GB,Europe,GLOBAL_500_V1,baseline
10.0.0.10,48.612743,1.93109,IP Camera,Axis P5655-E,Paris Sector 10,2026-02-06,554,Lumen,FR,Europe,GLOBAL_500_V1,baseline
10.0.0.11,52.659895,13.311069,PTZ Camera,Dahua SD49425XB,Berlin Sector 11,2024-11-13,443,Lumen,DE,Europe,GLOBAL_500_V1,baseline
10.0.0.12,40.63729,-3.66872,Bullet Camera,Dahua SD49425XB,Madrid Sector 12,2025-05-20,443,AT&T,ES,Europe,GLOBAL_500_V1,baseline
10.0.0.13,41.911374,12.128218,PTZ Camera,Sony SNC-EP580,Rome Sector 13,2026-02-26,443,Airtel,IT,Europe,GLOBAL_500_V1,baseline
10.0.0.14,52.316468,20.908491,Dome Camera,Hanwha XNV-8080R,Warsaw Sector 14,2025-10-12,80,Verizon,PL,Europe,GLOBAL_500_V1,baseline
10.0.0.15,30.207939,31.268973,IP Camera,Dahua SD49425XB,Cairo Sector 15,2026-01-28,8080,AT&T,EG,Africa,GLOBAL_500_V1,baseline
10.0.0.16,6.482751,3.787634,PTZ Camera,Hanwha XNV-8080R,Lagos Sector 16,2025-07-01,80,DigitalOcean,NG,Africa,GLOBAL_500_V1,baseline
10.0.1.17,-0.984598,36.828797,PTZ Camera,Hanwha XNV-8080R,Nairobi Sector 17,2026-01-24,80,Cloudflare,KE,Africa,GLOBAL_500_V1,baseline
10.0.1.18,-26.214355,27.697981,PTZ Camera,Hikvision DS-2CD2085G1,Johannesburg Sector 18,2026-02-01,443,Verizon,ZA,Africa,GLOBAL_500_V1,baseline
10.0.1.19,33.200188,-7.602409,PTZ Camera,Axis P5655-E,Casablanca Sector 19,2026-01-03,8080,AT&T,MA,Africa,GLOBAL_500_V1,baseline
10.0.1.20,5.392251,0.14819,PTZ Camera,Sony SNC-EP580,Accra Sector 20,2025-11-13,554,Airtel,GH,Africa,GLOBAL_500_V1,baseline
10.0.1.21,25.650434,55.40569,Bullet Camera,Hikvision DS-2CD2085G1,Dubai Sector 1,2025-10-05,443,Lumen,AE,Middle East,GLOBAL_500_V1,baseline
10.0.1.22,24.321223,46.244231,PTZ Camera,Hikvision DS-2CD2085G1,Riyadh Sector 2,2025-09-26,80,Comcast,SA,Middle East,GLOBAL_500_V1,baseline
10.0.1.23,31.841348,35.146678,PTZ Camera,Dahua SD49425XB,Tel Aviv Sector 3,2025-08-19,8080,Lumen,IL,Middle East,GLOBAL_500_V1,baseline
10.0.1.24,25.320711,51.732017,Bullet Camera,Axis P5655-E,Doha Sector 4,2025-04-12,8080,Airtel,QA,Middle East,GLOBAL_500_V1,baseline
10.0.1.25,40.729569,28.615638,Bullet Camera,Bosch FLEXIDOME,Istanbul Sector 5,2025-10-17,80,Verizon,TR,Middle East,GLOBAL_500_V1,baseline
10.0.1.26,28.218451,77.414392,PTZ Camera,Axis P5655-E,Delhi Sector 6,2025-08-10,443,BT,IN,Asia,GLOBAL_500_V1,baseline
10.0.1.27,18.752164,72.592839,Bullet Camera,Hanwha XNV-8080R,Mumbai Sector 7,2025-12-01,80,Comcast,IN,Asia,GLOBAL_500_V1,baseline
10.0.1.28,1.48903,103.856329,PTZ Camera,Axis P5655-E,Singapore Sector 8,2026-03-01,8080,BT,SG,Asia,GLOBAL_500_V1,baseline
10.0.1.29,35.659423,139.978485,Bullet Camera,Hikvision DS-2CD2085G1,Tokyo Sector 9,2025-01-27,8080,DigitalOcean,JP,Asia,GLOBAL_500_V1,baseline
10.0.1.30,37.950366,127.234616,Bullet Camera,Axis P5655-E,Seoul Sector 10,2025-12-31,443,DigitalOcean,KR,Asia,GLOBAL_500_V1,baseline
10.0.1.31,13.502231,100.104435,Dome Camera,Hikvision DS-2CD2085G1,Bangkok Sector 11,2025-08-22,80,BT,TH,Asia,GLOBAL_500_V1,baseline
10.0.1.32,-6.206235,107.163048,IP Camera,Axis P5655-E,Jakarta Sector 12,2026-01-06,80,Verizon,ID,Asia,GLOBAL_500_V1,baseline
10.0.2.33,-33.711109,150.970984,PTZ Camera,Hanwha XNV-8080R,Sydney Sector 13,2025-12-30,80,Verizon,AU,Oceania,GLOBAL_500_V1,baseline
10.0.2.34,-37.886298,145.038405,PTZ Camera,Sony SNC-EP580,Melbourne Sector 14,2025-11-07,554,Lumen,AU,Oceania,GLOBAL_500_V1,baseline
10.0.2.35,-37.061847,174.43229,Dome Camera,Hikvision DS-2CD2085G1,Auckland Sector 15,2025-10-13,80,BT,NZ,Oceania,GLOBAL_500_V1,baseline
10.0.2.36,-31.841457,115.917194,PTZ Camera,Hanwha XNV-8080R,Perth Sector 16,2026-01-03,554,AT&T,AU,Oceania,GLOBAL_500_V1,baseline
10.0.2.37,39.297133,-76.694122,Dome Camera,Axis P5655-E,Washington Sector 17,2025-06-04,8080,DigitalOcean,US,North America,GLOBAL_500_V1,baseline
10.0.2.38,40.81331,-73.56749,Dome Camera,Sony SNC-EP580,New York Sector 18,2025-12-09,80,AT&T,US,North America,GLOBAL_500_V1,baseline
10.0.2.39,19.220619,-98.782459,Dome Camera,Dahua SD49425XB,Mexico City Sector 19,2025-07-29,443,Cloudflare,MX,North America,GLOBAL_500_V1,baseline
10.0.2.40,43.386438,-79.262386,Dome Camera,Hikvision DS-2CD2085G1,Toronto Sector 20,2026-01-09,80,Airtel,CA,North America,GLOBAL_500_V1,baseline
10.0.2.41,5.007413,-74.482422,Dome Camera,Axis P5655-E,Bogota Sector 1,2026-02-24,8080,Airtel,CO,South America,GLOBAL_500_V1,baseline
10.0.2.42,-11.991584,-77.392114,IP Camera,Dahua SD49425XB,Lima Sector 2,2025-01-31,443,Airtel,PE,South America,GLOBAL_500_V1,baseline
10.0.2.43,-23.885799,-46.805867,Dome Camera,Axis P5655-E,Sao Paulo Sector 3,2025-08-27,443,Verizon,BR,South America,GLOBAL_500_V1,baseline
10.0.2.44,-34.735389,-58.327705,PTZ Camera,Axis P5655-E,Buenos Aires Sector 4,2025-07-29,443,Airtel,AR,South America,GLOBAL_500_V1,baseline
10.0.2.45,51.079708,0.085108,PTZ Camera,Dahua SD49425XB,London Sector 5,2026-01-19,443,Verizon,GB,Europe,GLOBAL_500_V1,baseline
10.0.2.46,48.750888,1.937052,Bullet Camera,Dahua SD49425XB,Paris Sector 6,2025-11-15,554,Lumen,FR,Europe,GLOBAL_500_V1,baseline
10.0.2.47,52.270631,13.54903,IP Camera,Dahua SD49425XB,Berlin Sector 7,2026-02-05,554,Airtel,DE,Europe,GLOBAL_500_V1,baseline
10.0.2.48,40.578366,-3.394505,IP Camera,Dahua SD49425XB,Madrid Sector 8,2026-03-09,443,DigitalOcean,ES,Europe,GLOBAL_500_V1,baseline
10.0.3.49,41.487231,12.583314,Bullet Camera,Hanwha XNV-8080R,Rome Sector 9,2026-01-31,80,Airtel,IT,Europe,GLOBAL_500_V1,baseline
10.0.3.50,52.589254,20.733271,IP Camera,Hanwha XNV-8080R,Warsaw Sector 10,2026-01-16,443,Cloudflare,PL,Europe,GLOBAL_500_V1,baseline
10.0.3.51,29.982568,31.639687,Dome Camera,Sony SNC-EP580,Cairo Sector 11,2024-10-02,80,DigitalOcean,EG,Africa,GLOBAL_500_V1,baseline
10.0.3.52,6.53081,3.529404,PTZ Camera,Axis P5655-E,Lagos Sector 12,2026-02-03,8080,Airtel,NG,Africa,GLOBAL_500_V1,baseline
10.0.3.53,-1.132514,37.184425,Bullet Camera,Hanwha XNV-8080R,Nairobi Sector 13,2025-11-02,80,DigitalOcean,KE,Africa,GLOBAL_500_V1,baseline
10.0.3.54,-26.395878,27.984199,Bullet Camera,Bosch FLEXIDOME,Johannesburg Sector 14,2025-10-30,8080,Lumen,ZA,Africa,GLOBAL_500_V1,baseline
10.0.3.55,33.583157,-7.325438,IP Camera,Dahua SD49425XB,Casablanca Sector 15,2025-01-26,554,Verizon,MA,Africa,GLOBAL_500_V1,baseline
10.0.3.56,5.890281,0.039024,PTZ Camera,Axis P5655-E,Accra Sector 16,2025-11-12,80,Comcast,GH,Africa,GLOBAL_500_V1,baseline
10.0.3.57,24.975158,55.248423,Bullet Camera,Bosch FLEXIDOME,Dubai Sector 17,2025-08-19,443,Airtel,AE,Middle East,GLOBAL_500_V1,baseline
10.0.3.58,24.708539,46.444886,IP Camera,Bosch FLEXIDOME,Riyadh Sector 18,2025-12-10,443,AT&T,SA,Middle East,GLOBAL_500_V1,baseline
10.0.3.59,32.358999,34.958121,PTZ Camera,Hikvision DS-2CD2085G1,Tel Aviv Sector 19,2025-09-30,8080,AT&T,IL,Middle East,GLOBAL_500_V1,baseline
10.0.3.60,25.556675,51.68182,Dome Camera,Bosch FLEXIDOME,Doha Sector 20,2024-10-09,8080,BT,QA,Middle East,GLOBAL_500_V1,baseline
10.0.3.61,41.365687,29.19769,PTZ Camera,Sony SNC-EP580,Istanbul Sector 1,2025-11-07,554,BT,TR,Middle East,GLOBAL_500_V1,baseline
10.0.3.62,28.727974,77.006138,PTZ Camera,Dahua SD49425XB,Delhi Sector 2,2026-02-04,554,Cloudflare,IN,Asia,GLOBAL_500_V1,baseline
10.0.3.63,19.429724,72.50022,PTZ Camera,Sony SNC-EP580,Mumbai Sector 3,2026-01-22,443,Verizon,IN,Asia,GLOBAL_500_V1,baseline
10.0.3.64,1.275481,103.667593,PTZ Camera,Bosch FLEXIDOME,Singapore Sector 4,2025-12-03,8080,Comcast,SG,Asia,GLOBAL_500_V1,baseline
10.0.4.65,35.997259,139.889335,Dome Camera,Dahua SD49425XB,Tokyo Sector 5,2026-03-12,8080,Airtel,JP,Asia,GLOBAL_500_V1,baseline
10.0.4.66,37.600899,127.189171,Bullet Camera,Axis P5655-E,Seoul Sector 6,2025-07-12,554,Airtel,KR,Asia,GLOBAL_500_V1,baseline
10.0.4.67,13.743378,100.401771,PTZ Camera,Bosch FLEXIDOME,Bangkok Sector 7,2025-10-20,443,Comcast,TH,Asia,GLOBAL_500_V1,baseline
10.0.4.68,-5.842564,106.928303,Bullet Camera,Axis P5655-E,Jakarta Sector 8,2025-11-30,8080,AT&T,ID,Asia,GLOBAL_500_V1,baseline
10.0.4.69,-34.273544,151.100493,Dome Camera,Bosch FLEXIDOME,Sydney Sector 9,2026-01-30,554,Airtel,AU,Oceania,GLOBAL_500_V1,baseline
10.0.4.70,-38.036556,144.586816,IP Camera,Dahua SD49425XB,Melbourne Sector 10,2026-01-02,443,Verizon,AU,Oceania,GLOBAL_500_V1,baseline
10.0.4.71,-36.59779,174.901079,PTZ Camera,Hikvision DS-2CD2085G1,Auckland Sector 11,2025-07-05,443,Lumen,NZ,Oceania,GLOBAL_500_V1,baseline
10.0.4.72,-32.286901,116.013013,Bullet Camera,Sony SNC-EP580,Perth Sector 12,2025-11-13,554,Cloudflare,AU,Oceania,GLOBAL_500_V1,baseline
10.0.4.73,38.60821,-76.940377,PTZ Camera,Dahua SD49425XB,Washington Sector 13,2025-08-08,80,Comcast,US,North America,GLOBAL_500_V1,baseline
10.0.4.74,41.098798,-73.937783,Bullet Camera,Sony SNC-EP580,New York Sector 14,2024-12-04,443,Verizon,US,North America,GLOBAL_500_V1,baseline
10.0.4.75,19.515488,-98.835686,IP Camera,Hanwha XNV-8080R,Mexico City Sector 15,2026-02-02,80,Cloudflare,MX,North America,GLOBAL_500_V1,baseline
10.0.4.76,43.682671,-79.237831,IP Camera,Bosch FLEXIDOME,Toronto Sector 16,2026-01-28,8080,Verizon,CA,North America,GLOBAL_500_V1,baseline
10.0.4.77,4.651171,-74.196131,PTZ Camera,Bosch FLEXIDOME,Bogota Sector 17,2025-05-12,443,DigitalOcean,CO,South America,GLOBAL_500_V1,baseline
10.0.4.78,-11.942079,-76.665144,Bullet Camera,Sony SNC-EP580,Lima Sector 18,2025-05-10,554,Cloudflare,PE,South America,GLOBAL_500_V1,baseline
10.0.4.79,-23.233958,-46.335642,PTZ Camera,Bosch FLEXIDOME,Sao Paulo Sector 19,2026-01-14,8080,Cloudflare,BR,South America,GLOBAL_500_V1,baseline
10.0.4.80,-35.02787,-58.065742,Dome Camera,Dahua SD49425XB,Buenos Aires Sector 20,2026-02-13,554,DigitalOcean,AR,South America,GLOBAL_500_V1,baseline
10.0.5.81,51.849688,0.053265,PTZ Camera,Hikvision DS-2CD2085G1,London Sector 1,2026-03-11,443,Airtel,GB,Europe,GLOBAL_500_V1,baseline
10.0.5.82,48.84632,2.584548,Bullet Camera,Hikvision DS-2CD2085G1,Paris Sector 2,2025-10-09,80,DigitalOcean,FR,Europe,GLOBAL_500_V1,baseline
10.0.5.83,52.269437,13.577608,Dome Camera,Bosch FLEXIDOME,Berlin Sector 3,2025-12-28,554,Airtel,DE,Europe,GLOBAL_500_V1,baseline
10.0.5.84,40.863768,-3.65845,Dome Camera,Dahua SD49425XB,Madrid Sector 4,2026-01-13,554,Lumen,ES,Europe,GLOBAL_500_V1,baseline
10.0.5.85,41.56139,12.219726,PTZ Camera,Axis P5655-E,Rome Sector 5,2026-01-03,443,BT,IT,Europe,GLOBAL_500_V1,baseline
10.0.5.86,52.02855,21.092828,Dome Camera,Hikvision DS-2CD2085G1,Warsaw Sector 6,2025-04-07,443,DigitalOcean,PL,Europe,GLOBAL_500_V1,baseline
10.0.5.87,29.799135,30.947197,PTZ Camera,Dahua SD49425XB,Cairo Sector 7,2026-01-03,80,Comcast,EG,Africa,GLOBAL_500_V1,baseline
10.0.5.88,6.572423,3.556876,IP Camera,Hikvision DS-2CD2085G1,Lagos Sector 8,2026-01-09,554,BT,NG,Africa,GLOBAL_500_V1,baseline
10.0.5.89,-1.311257,36.678535,Bullet Camera,Hikvision DS-2CD2085G1,Nairobi Sector 9,2025-01-05,80,Airtel,KE,Africa,GLOBAL_500_V1,baseline
10.0.5.90,-26.211528,28.116619,PTZ Camera,Hanwha XNV-8080R,Johannesburg Sector 10,2025-11-21,554,Verizon,ZA,Africa,GLOBAL_500_V1,baseline
10.0.5.91,34.017626,-7.933194,PTZ Camera,Hanwha XNV-8080R,Casablanca Sector 11,2025-04-04,8080,BT,MA,Africa,GLOBAL_500_V1,baseline
10.0.5.92,5.971354,-0.369382,Dome Camera,Hanwha XNV-8080R,Accra Sector 12,2025-10-17,80,Verizon,GH,Africa,GLOBAL_500_V1,baseline
10.0.5.93,25.607631,55.007809,PTZ Camera,Axis P5655-E,Dubai Sector 13,2026-03-02,443,Verizon,AE,Middle East,GLOBAL_500_V1,baseline
10.0.5.94,24.404479,46.592966,Dome Camera,Hikvision DS-2CD2085G1,Riyadh Sector 14,2025-10-11,443,DigitalOcean,SA,Middle East,GLOBAL_500_V1,baseline
10.0.5.95,32.27156,34.964489,Dome Camera,Sony SNC-EP580,Tel Aviv Sector 15,2025-11-11,443,Airtel,IL,Middle East,GLOBAL_500_V1,baseline
10.0.5.96,24.938699,51.283329,PTZ Camera,Hikvision DS-2CD2085G1,Doha Sector 16,2026-02-06,80,AT&T,QA,Middle East,GLOBAL_500_V1,baseline
10.0.6.97,41.271566,29.06394,Bullet Camera,Hikvision DS-2CD2085G1,Istanbul Sector 17,2025-06-25,8080,DigitalOcean,TR,Middle East,GLOBAL_500_V1,baseline
10.0.6.98,28.79366,77.607409,Bullet Camera,Hikvision DS-2CD2085G1,Delhi Sector 18,2025-10-08,80,Airtel,IN,Asia,GLOBAL_500_V1,baseline
10.0.6.99,19.287081,72.971042,IP Camera,Sony SNC-EP580,Mumbai Sector 19,2026-02-11,554,Comcast,IN,Asia,GLOBAL_500_V1,baseline
10.0.6.100,1.588898,103.527472,Dome Camera,Axis P5655-E,Singapore Sector 20,2025-10-15,8080,BT,SG,Asia,GLOBAL_500_V1,baseline
10.0.6.101,36.09835,139.623309,IP Camera,Axis P5655-E,Tokyo Sector 1,2025-10-30,554,Airtel,JP,Asia,GLOBAL_500_V1,baseline
10.0.6.102,37.740806,126.787396,IP Camera,Bosch FLEXIDOME,Seoul Sector 2,2024-10-21,80,Cloudflare,KR,Asia,GLOBAL_500_V1,baseline
10.0.6.103,13.533459,100.156129,IP Camera,Sony SNC-EP580,Bangkok Sector 3,2025-04-28,8080,Airtel,TH,Asia,GLOBAL_500_V1,baseline
10.0.6.104,-6.610016,106.862195,Bullet Camera,Hikvision DS-2CD2085G1,Jakarta Sector 4,2025-10-08,443,DigitalOcean,ID,Asia,GLOBAL_500_V1,baseline
10.0.6.105,-33.824502,151.594205,IP Camera,Hikvision DS-2CD2085G1,Sydney Sector 5,2025-10-09,443,AT&T,AU,Oceania,GLOBAL_500_V1,baseline
10.0.6.106,-37.983925,144.525407,IP Camera,Bosch FLEXIDOME,Melbourne Sector 6,2025-11-12,80,AT&T,AU,Oceania,GLOBAL_500_V1,baseline
10.0.6.107,-36.852362,174.959443,Bullet Camera,Bosch FLEXIDOME,Auckland Sector 7,2025-11-06,8080,Lumen,NZ,Oceania,GLOBAL_500_V1,baseline
10.0.6.108,-31.989392,115.540678,PTZ Camera,Hikvision DS-2CD2085G1,Perth Sector 8,2025-12-26,554,Airtel,AU,Oceania,GLOBAL_500_V1,baseline
10.0.6.109,38.763088,-76.777954,Dome Camera,Sony SNC-EP580,Washington Sector 9,2026-03-12,554,BT,US,North America,GLOBAL_500_V1,baseline
10.0.6.110,41.041535,-74.054107,Bullet Camera,Bosch FLEXIDOME,New York Sector 10,2025-10-29,554,Lumen,US,North America,GLOBAL_500_V1,baseline
10.0.6.111,19.865297,-99.368275,IP Camera,Dahua SD49425XB,Mexico City Sector 11,2026-01-19,8080,Airtel,MX,North America,GLOBAL_500_V1,baseline
10.0.6.112,43.550671,-79.23588,Bullet Camera,Hikvision DS-2CD2085G1,Toronto Sector 12,2025-07-30,443,Cloudflare,CA,North America,GLOBAL_500_V1,baseline
10.0.7.113,5.04373,-73.735329,Bullet Camera,Hikvision DS-2CD2085G1,Bogota Sector 13,2025-10-04,443,Airtel,CO,South America,GLOBAL_500_V1,baseline
10.0.7.114,-11.71256,-76.619839,Dome Camera,Hanwha XNV-8080R,Lima Sector 14,2026-02-07,8080,Verizon,PE,South America,GLOBAL_500_V1,baseline
10.0.7.115,-23.233911,-46.316193,Dome Camera,Sony SNC-EP580,Sao Paulo Sector 15,2025-06-01,8080,Comcast,BR,South America,GLOBAL_500_V1,baseline
10.0.7.116,-34.497986,-58.620307,PTZ Camera,Sony SNC-EP580,Buenos Aires Sector 16,2025-11-04,80,Airtel,AR,South America,GLOBAL_500_V1,baseline
10.0.7.117,51.937904,0.106533,Bullet Camera,Axis P5655-E,London Sector 17,2025-08-12,554,Comcast,GB,Europe,GLOBAL_500_V1,baseline
10.0.7.118,48.447992,2.618729,Bullet Camera,Axis P5655-E,Paris Sector 18,2026-01-24,443,Airtel,FR,Europe,GLOBAL_500_V1,baseline
10.0.7.119,52.579335,13.668268,Bullet Camera,Hanwha XNV-8080R,Berlin Sector 19,2026-03-02,443,BT,DE,Europe,GLOBAL_500_V1,baseline
10.0.7.120,40.788346,-4.024994,Bullet Camera,Dahua SD49425XB,Madrid Sector 20,2025-11-08,80,BT,ES,Europe,GLOBAL_500_V1,baseline
10.0.7.121,42.263888,12.65625,Dome Camera,Hanwha XNV-8080R,Rome Sector 1,2026-01-15,554,Airtel,IT,Europe,GLOBAL_500_V1,baseline
10.0.7.122,52.400982,20.973352,Bullet Camera,Hikvision DS-2CD2085G1,Warsaw Sector 2,2026-01-22,443,Airtel,PL,Europe,GLOBAL_500_V1,baseline
10.0.7.123,30.10913,31.303031,IP Camera,Sony SNC-EP580,Cairo Sector 3,2024-12-25,8080,DigitalOcean,EG,Africa,GLOBAL_500_V1,baseline
10.0.7.124,6.081688,3.707761,Bullet Camera,Dahua SD49425XB,Lagos Sector 4,2025-08-25,443,Cloudflare,NG,Africa,GLOBAL_500_V1,baseline
10.0.7.125,-1.544996,36.543019,IP Camera,Sony SNC-EP580,Nairobi Sector 5,2026-02-23,80,DigitalOcean,KE,Africa,GLOBAL_500_V1,baseline
10.0.7.126,-25.944351,27.627328,IP Camera,Dahua SD49425XB,Johannesburg Sector 6,2026-02-24,554,Airtel,ZA,Africa,GLOBAL_500_V1,baseline
10.0.7.127,33.281176,-7.920856,Dome Camera,Axis P5655-E,Casablanca Sector 7,2025-10-25,554,BT,MA,Africa,GLOBAL_500_V1,baseline
10.0.7.128,6.024346,-0.371373,Bullet Camera,Hikvision DS-2CD2085G1,Accra Sector 8,2025-08-08,443,Lumen,GH,Africa,GLOBAL_500_V1,baseline
10.0.8.129,25.528927,55.472595,Dome Camera,Hikvision DS-2CD2085G1,Dubai Sector 9,2024-10-19,8080,Comcast,AE,Middle East,GLOBAL_500_V1,baseline
10.0.8.130,24.501613,46.33653,Bullet Camera,Sony SNC-EP580,Riyadh Sector 10,2026-02-07,554,Verizon,SA,Middle East,GLOBAL_500_V1,baseline
10.0.8.131,32.242653,34.756129,Dome Camera,Hanwha XNV-8080R,Tel Aviv Sector 11,2025-09-30,443,Verizon,IL,Middle East,GLOBAL_500_V1,baseline
10.0.8.132,25.407264,51.498841,IP Camera,Axis P5655-E,Doha Sector 12,2025-05-25,80,Comcast,QA,Middle East,GLOBAL_500_V1,baseline
10.0.8.133,40.832128,28.971762,PTZ Camera,Bosch FLEXIDOME,Istanbul Sector 13,2026-01-03,8080,Cloudflare,TR,Middle East,GLOBAL_500_V1,baseline
10.0.8.134,28.767338,77.427826,PTZ Camera,Bosch FLEXIDOME,Delhi Sector 14,2024-11-23,80,BT,IN,Asia,GLOBAL_500_V1,baseline
10.0.8.135,19.180087,73.272848,PTZ Camera,Bosch FLEXIDOME,Mumbai Sector 15,2026-01-24,8080,Lumen,IN,Asia,GLOBAL_500_V1,baseline
10.0.8.136,1.672005,103.459219,Dome Camera,Hikvision DS-2CD2085G1,Singapore Sector 16,2025-10-02,8080,DigitalOcean,SG,Asia,GLOBAL_500_V1,baseline
10.0.8.137,35.397028,139.310244,IP Camera,Sony SNC-EP580,Tokyo Sector 17,2025-05-13,443,Comcast,JP,Asia,GLOBAL_500_V1,baseline
10.0.8.138,37.162021,126.828158,PTZ Camera,Hikvision DS-2CD2085G1,Seoul Sector 18,2024-10-17,443,Lumen,KR,Asia,GLOBAL_500_V1,baseline
10.0.8.139,14.038048,100.261499,IP Camera,Dahua SD49425XB,Bangkok Sector 19,2025-04-07,443,AT&T,TH,Asia,GLOBAL_500_V1,baseline
10.0.8.140,-6.172606,107.114262,PTZ Camera,Hikvision DS-2CD2085G1,Jakarta Sector 20,2026-03-09,554,Lumen,ID,Asia,GLOBAL_500_V1,baseline
10.0.8.141,-33.788832,150.773503,Bullet Camera,Hanwha XNV-8080R,Sydney Sector 1,2026-02-24,80,Verizon,AU,Oceania,GLOBAL_500_V1,baseline
10.0.8.142,-37.834979,145.213315,Bullet Camera,Hanwha XNV-8080R,Melbourne Sector 2,2025-11-27,443,Comcast,AU,Oceania,GLOBAL_500_V1,baseline
10.0.8.143,-36.646381,175.132377,Bullet Camera,Sony SNC-EP580,Auckland Sector 3,2025-11-02,80,Comcast,NZ,Oceania,GLOBAL_500_V1,baseline
10.0.8.144,-31.501772,116.173069,Bullet Camera,Sony SNC-EP580,Perth Sector 4,2025-11-27,8080,Verizon,AU,Oceania,GLOBAL_500_V1,baseline
10.0.9.145,39.26654,-77.196999,Dome Camera,Hanwha XNV-8080R,Washington Sector 5,2026-02-24,554,Airtel,US,North America,GLOBAL_500_V1,baseline
10.0.9.146,41.157965,-73.978499,IP Camera,Sony SNC-EP580,New York Sector 6,2025-10-16,80,Lumen,US,North America,GLOBAL_500_V1,baseline
10.0.9.147,19.369663,-98.783918,Bullet Camera,Bosch FLEXIDOME,Mexico City Sector 7,2025-10-13,80,Cloudflare,MX,North America,GLOBAL_500_V1,baseline
10.0.9.148,43.587288,-79.234603,Bullet Camera,Hikvision DS-2CD2085G1,Toronto Sector 8,2026-02-21,80,Verizon,CA,North America,GLOBAL_500_V1,baseline
10.0.9.149,4.344907,-74.435192,IP Camera,Hanwha XNV-8080R,Bogota Sector 9,2025-08-04,554,Verizon,CO,South America,GLOBAL_500_V1,baseline
10.0.9.150,-12.126672,-76.706553,IP Camera,Dahua SD49425XB,Lima Sector 10,2024-11-22,554,Cloudflare,PE,South America,GLOBAL_500_V1,baseline
10.0.9.151,-23.907259,-46.626629,PTZ Camera,Hikvision DS-2CD2085G1,Sao Paulo Sector 11,2026-01-10,554,Cloudflare,BR,South America,GLOBAL_500_V1,baseline
10.0.9.152,-34.950303,-58.580889,IP Camera,Hanwha XNV-8080R,Buenos Aires Sector 12,2026-01-17,554,Comcast,AR,South America,GLOBAL_500_V1,baseline
10.0.9.153,51.219774,0.054629,Dome Camera,Hikvision DS-2CD2085G1,London Sector 13,2026-01-28,443,AT&T,GB,Europe,GLOBAL_500_V1,baseline
10.0.9.154,48.916289,2.262906,IP Camera,Sony SNC-EP580,Paris Sector 14,2026-03-09,443,Airtel,FR,Europe,GLOBAL_500_V1,baseline
10.0.9.155,52.447849,13.261806,IP Camera,Hikvision DS-2CD2085G1,Berlin Sector 15,2026-01-30,443,AT&T,DE,Europe,GLOBAL_500_V1,baseline
10.0.9.156,40.645792,-4.109014,Bullet Camera,Bosch FLEXIDOME,Madrid Sector 16,2026-01-15,8080,Airtel,ES,Europe,GLOBAL_500_V1,baseline
10.0.9.157,41.69865,12.725849,IP Camera,Dahua SD49425XB,Rome Sector 17,2026-01-16,8080,DigitalOcean,IT,Europe,GLOBAL_500_V1,baseline
10.0.9.158,51.820576,20.917937,PTZ Camera,Dahua SD49425XB,Warsaw Sector 18,2025-12-10,443,AT&T,PL,Europe,GLOBAL_500_V1,baseline
10.0.9.159,30.282145,31.046202,Bullet Camera,Axis P5655-E,Cairo Sector 19,2026-01-08,443,Airtel,EG,Africa,GLOBAL_500_V1,baseline
10.0.9.160,6.553724,3.1363,IP Camera,Bosch FLEXIDOME,Lagos Sector 20,2025-10-26,80,Airtel,NG,Africa,GLOBAL_500_V1,baseline
10.0.10.161,-1.725233,37.200946,Bullet Camera,Hanwha XNV-8080R,Nairobi Sector 1,2025-04-12,8080,Airtel,KE,Africa,GLOBAL_500_V1,baseline
10.0.10.162,-26.393536,27.961829,Bullet Camera,Sony SNC-EP580,Johannesburg Sector 2,2025-01-26,554,Verizon,ZA,Africa,GLOBAL_500_V1,baseline
10.0.10.163,33.516141,-7.944523,IP Camera,Bosch FLEXIDOME,Casablanca Sector 3,2025-10-20,554,Cloudflare,MA,Africa,GLOBAL_500_V1,baseline
10.0.10.164,5.353115,0.064206,PTZ Camera,Dahua SD49425XB,Accra Sector 4,2026-02-26,554,AT&T,GH,Africa,GLOBAL_500_V1,baseline
10.0.10.165,24.967442,54.9526,PTZ Camera,Sony SNC-EP580,Dubai Sector 5,2025-12-25,80,AT&T,AE,Middle East,GLOBAL_500_V1,baseline
10.0.10.166,25.119763,46.790454,Bullet Camera,Sony SNC-EP580,Riyadh Sector 6,2025-09-29,554,Cloudflare,SA,Middle East,GLOBAL_500_V1,baseline
10.0.10.167,31.771162,34.393258,Dome Camera,Hanwha XNV-8080R,Tel Aviv Sector 7,2025-11-02,80,Cloudflare,IL,Middle East,GLOBAL_500_V1,baseline
10.0.10.168,25.292003,51.360367,Dome Camera,Dahua SD49425XB,Doha Sector 8,2025-12-03,80,Verizon,QA,Middle East,GLOBAL_500_V1,baseline
10.0.10.169,41.111708,28.984761,IP Camera,Bosch FLEXIDOME,Istanbul Sector 9,2025-10-01,443,Cloudflare,TR,Middle East,GLOBAL_500_V1,baseline
10.0.10.170,28.708405,77.210231,IP Camera,Dahua SD49425XB,Delhi Sector 10,2024-11-15,80,AT&T,IN,Asia,GLOBAL_500_V1,baseline
10.0.10.171,18.661228,73.06456,PTZ Camera,Dahua SD49425XB,Mumbai Sector 11,2024-10-27,554,DigitalOcean,IN,Asia,GLOBAL_500_V1,baseline
10.0.10.172,1.250775,104.066818,Dome Camera,Hikvision DS-2CD2085G1,Singapore Sector 12,2025-12-04,554,Verizon,SG,Asia,GLOBAL_500_V1,baseline
10.0.10.173,35.728367,139.548208,PTZ Camera,Dahua SD49425XB,Tokyo Sector 13,2025-12-25,80,AT&T,JP,Asia,GLOBAL_500_V1,baseline
10.0.10.174,37.941572,126.807209,PTZ Camera,Hanwha XNV-8080R,Seoul Sector 14,2025-10-21,80,DigitalOcean,KR,Asia,GLOBAL_500_V1,baseline
10.0.10.175,13.80933,100.630944,IP Camera,Sony SNC-EP580,Bangkok Sector 15,2026-02-24,8080,Cloudflare,TH,Asia,GLOBAL_500_V1,baseline
10.0.10.176,-6.642393,106.673579,Bullet Camera,Axis P5655-E,Jakarta Sector 16,2024-12-13,443,AT&T,ID,Asia,GLOBAL_500_V1,baseline
10.0.11.177,-34.179349,151.025513,IP Camera,Sony SNC-EP580,Sydney Sector 17,2025-04-30,554,AT&T,AU,Oceania,GLOBAL_500_V1,baseline
10.0.11.178,-37.726078,144.651927,Bullet Camera,Hikvision DS-2CD2085G1,Melbourne Sector 18,2026-02-19,8080,Cloudflare,AU,Oceania,GLOBAL_500_V1,baseline
10.0.11.179,-36.692173,174.528277,Bullet Camera,Axis P5655-E,Auckland Sector 19,2025-11-04,443,DigitalOcean,NZ,Oceania,GLOBAL_500_V1,baseline
10.0.11.180,-31.531463,116.116433,Dome Camera,Sony SNC-EP580,Perth Sector 20,2025-01-20,8080,BT,AU,Oceania,GLOBAL_500_V1,baseline
10.0.11.181,39.149695,-76.786588,PTZ Camera,Axis P5655-E,Washington Sector 1,2025-10-18,443,DigitalOcean,US,North America,GLOBAL_500_V1,baseline
10.0.11.182,40.309762,-74.023468,IP Camera,Dahua SD49425XB,New York Sector 2,2026-02-27,80,AT&T,US,North America,GLOBAL_500_V1,baseline
10.0.11.183,19.228112,-98.768424,IP Camera,Axis P5655-E,Mexico City Sector 3,2026-01-16,8080,Cloudflare,MX,North America,GLOBAL_500_V1,baseline
10.0.11.184,44.040625,-79.459793,PTZ Camera,Bosch FLEXIDOME,Toronto Sector 4,2026-01-24,80,Cloudflare,CA,North America,GLOBAL_500_V1,baseline
10.0.11.185,4.463085,-74.235284,PTZ Camera,Axis P5655-E,Bogota Sector 5,2026-01-29,80,DigitalOcean,CO,South America,GLOBAL_500_V1,baseline
10.0.11.186,-11.670743,-77.067591,Bullet Camera,Hanwha XNV-8080R,Lima Sector 6,2025-05-09,80,Verizon,PE,South America,GLOBAL_500_V1,baseline
10.0.11.187,-23.983397,-46.889211,Bullet Camera,Hikvision DS-2CD2085G1,Sao Paulo Sector 7,2025-12-25,554,Lumen,BR,South America,GLOBAL_500_V1,baseline
10.0.11.188,-34.782664,-58.788625,IP Camera,Hikvision DS-2CD2085G1,Buenos Aires Sector 8,2025-10-13,8080,Comcast,AR,South America,GLOBAL_500_V1,baseline
10.0.11.189,51.626159,-0.060257,Bullet Camera,Hikvision DS-2CD2085G1,London Sector 9,2025-06-24,554,Lumen,GB,Europe,GLOBAL_500_V1,baseline
10.0.11.190,48.920197,2.070783,Dome Camera,Hikvision DS-2CD2085G1,Paris Sector 10,2025-10-04,80,Airtel,FR,Europe,GLOBAL_500_V1,baseline
10.0.11.191,52.855998,12.994181,Dome Camera,Sony SNC-EP580,Berlin Sector 11,2026-01-24,80,Cloudflare,DE,Europe,GLOBAL_500_V1,baseline
10.0.11.192,40.676468,-3.843478,Dome Camera,Axis P5655-E,Madrid Sector 12,2025-08-11,80,Cloudflare,ES,Europe,GLOBAL_500_V1,baseline
10.0.12.193,41.944212,12.778558,Bullet Camera,Sony SNC-EP580,Rome Sector 13,2026-01-12,443,AT&T,IT,Europe,GLOBAL_500_V1,baseline
10.0.12.194,51.83649,21.260771,PTZ Camera,Hikvision DS-2CD2085G1,Warsaw Sector 14,2025-11-03,443,Comcast,PL,Europe,GLOBAL_500_V1,baseline
10.0.12.195,29.878436,31.064768,Bullet Camera,Dahua SD49425XB,Cairo Sector 15,2026-01-02,80,Lumen,EG,Africa,GLOBAL_500_V1,baseline
10.0.12.196,6.3319,3.705125,Dome Camera,Hikvision DS-2CD2085G1,Lagos Sector 16,2026-01-29,554,Airtel,NG,Africa,GLOBAL_500_V1,baseline
10.0.12.197,-0.941562,37.040877,Dome Camera,Axis P5655-E,Nairobi Sector 17,2025-05-31,8080,BT,KE,Africa,GLOBAL_500_V1,baseline
10.0.12.198,-26.323488,28.314862,Bullet Camera,Hikvision DS-2CD2085G1,Johannesburg Sector 18,2026-03-02,8080,AT&T,ZA,Africa,GLOBAL_500_V1,baseline
10.0.12.199,33.614027,-7.75071,Dome Camera,Bosch FLEXIDOME,Casablanca Sector 19,2026-02-03,8080,AT&T,MA,Africa,GLOBAL_500_V1,baseline
10.0.12.200,5.774488,-0.320608,Bullet Camera,Dahua SD49425XB,Accra Sector 20,2026-01-26,80,Verizon,GH,Africa,GLOBAL_500_V1,baseline
10.0.12.201,25.358866,55.186389,IP Camera,Axis P5655-E,Dubai Sector 1,2025-11-20,8080,Comcast,AE,Middle East,GLOBAL_500_V1,baseline
10.0.12.202,24.377207,46.437696,Bullet Camera,Hanwha XNV-8080R,Riyadh Sector 2,2025-10-25,80,AT&T,SA,Middle East,GLOBAL_500_V1,baseline
10.0.12.203,32.246456,35.185741,PTZ Camera,Hanwha XNV-8080R,Tel Aviv Sector 3,2026-03-03,554,Airtel,IL,Middle East,GLOBAL_500_V1,baseline
10.0.12.204,25.118347,51.331821,PTZ Camera,Bosch FLEXIDOME,Doha Sector 4,2025-03-04,8080,Verizon,QA,Middle East,GLOBAL_500_V1,baseline
10.0.12.205,40.793799,28.762661,Bullet Camera,Axis P5655-E,Istanbul Sector 5,2025-11-04,80,AT&T,TR,Middle East,GLOBAL_500_V1,baseline
10.0.12.206,28.931444,77.165838,IP Camera,Sony SNC-EP580,Delhi Sector 6,2025-05-16,554,Cloudflare,IN,Asia,GLOBAL_500_V1,baseline
10.0.12.207,19.264586,72.922697,PTZ Camera,Sony SNC-EP580,Mumbai Sector 7,2026-02-02,443,Cloudflare,IN,Asia,GLOBAL_500_V1,baseline
10.0.12.208,1.35998,103.479026,PTZ Camera,Bosch FLEXIDOME,Singapore Sector 8,2026-02-23,80,Cloudflare,SG,Asia,GLOBAL_500_V1,baseline
10.0.13.209,35.724819,139.53232,PTZ Camera,Hanwha XNV-8080R,Tokyo Sector 9,2025-04-18,80,Verizon,JP,Asia,GLOBAL_500_V1,baseline
10.0.13.210,37.394862,127.427636,Bullet Camera,Bosch FLEXIDOME,Seoul Sector 10,2025-04-25,80,AT&T,KR,Asia,GLOBAL_500_V1,baseline
10.0.13.211,14.181442,100.629905,Dome Camera,Axis P5655-E,Bangkok Sector 11,2025-10-05,443,AT&T,TH,Asia,GLOBAL_500_V1,baseline
10.0.13.212,-6.269444,107.215241,PTZ Camera,Dahua SD49425XB,Jakarta Sector 12,2026-02-25,443,AT&T,ID,Asia,GLOBAL_500_V1,baseline
10.0.13.213,-34.028405,151.397699,Dome Camera,Hikvision DS-2CD2085G1,Sydney Sector 13,2026-01-05,554,Lumen,AU,Oceania,GLOBAL_500_V1,baseline
10.0.13.214,-37.692049,145.008857,IP Camera,Hanwha XNV-8080R,Melbourne Sector 14,2026-02-02,443,AT&T,AU,Oceania,GLOBAL_500_V1,baseline
10.0.13.215,-37.146819,174.876531,IP Camera,Hikvision DS-2CD2085G1,Auckland Sector 15,2024-12-14,80,Comcast,NZ,Oceania,GLOBAL_500_V1,baseline
10.0.13.216,-31.546808,116.10442,Bullet Camera,Hanwha XNV-8080R,Perth Sector 16,2026-02-14,80,BT,AU,Oceania,GLOBAL_500_V1,baseline
10.0.13.217,39.257297,-76.99588,Bullet Camera,Axis P5655-E,Washington Sector 17,2025-11-02,8080,DigitalOcean,US,North America,GLOBAL_500_V1,baseline
10.0.13.218,40.67099,-73.836248,Bullet Camera,Bosch FLEXIDOME,New York Sector 18,2026-01-18,443,Cloudflare,US,North America,GLOBAL_500_V1,baseline
10.0.13.219,19.528594,-99.301876,Bullet Camera,Axis P5655-E,Mexico City Sector 19,2025-06-10,554,Verizon,MX,North America,GLOBAL_500_V1,baseline
10.0.13.220,43.490404,-79.413375,PTZ Camera,Hikvision DS-2CD2085G1,Toronto Sector 20,2026-02-09,80,DigitalOcean,CA,North America,GLOBAL_500_V1,baseline
10.0.13.221,5.111846,-73.744353,Dome Camera,Hanwha XNV-8080R,Bogota Sector 1,2025-11-20,554,Lumen,CO,South America,GLOBAL_500_V1,baseline
10.0.13.222,-11.809591,-77.044361,Dome Camera,Bosch FLEXIDOME,Lima Sector 2,2025-10-08,80,Verizon,PE,South America,GLOBAL_500_V1,baseline
10.0.13.223,-23.14979,-46.6284,Dome Camera,Hikvision DS-2CD2085G1,Sao Paulo Sector 3,2025-01-14,80,DigitalOcean,BR,South America,GLOBAL_500_V1,baseline
10.0.13.224,-34.608295,-58.037494,Dome Camera,Hanwha XNV-8080R,Buenos Aires Sector 4,2025-10-11,80,Verizon,AR,South America,GLOBAL_500_V1,baseline
10.0.14.225,51.445235,0.21641,Dome Camera,Hikvision DS-2CD2085G1,London Sector 5,2025-05-26,8080,Comcast,GB,Europe,GLOBAL_500_V1,baseline
10.0.14.226,48.919853,2.07739,Bullet Camera,Hanwha XNV-8080R,Paris Sector 6,2025-12-01,8080,DigitalOcean,FR,Europe,GLOBAL_500_V1,baseline
10.0.14.227,52.81278,13.515917,IP Camera,Bosch FLEXIDOME,Berlin Sector 7,2025-11-24,554,Cloudflare,DE,Europe,GLOBAL_500_V1,baseline
10.0.14.228,40.468849,-3.824754,Bullet Camera,Hanwha XNV-8080R,Madrid Sector 8,2025-12-25,80,Comcast,ES,Europe,GLOBAL_500_V1,baseline
10.0.14.229,41.487823,12.688633,Bullet Camera,Axis P5655-E,Rome Sector 9,2025-04-27,443,Cloudflare,IT,Europe,GLOBAL_500_V1,baseline
10.0.14.230,52.617932,20.848877,Dome Camera,Hanwha XNV-8080R,Warsaw Sector 10,2026-02-02,8080,DigitalOcean,PL,Europe,GLOBAL_500_V1,baseline
10.0.14.231,30.021803,30.800673,Bullet Camera,Hanwha XNV-8080R,Cairo Sector 11,2026-02-26,554,Comcast,EG,Africa,GLOBAL_500_V1,baseline
10.0.14.232,6.611619,3.168177,PTZ Camera,Sony SNC-EP580,Lagos Sector 12,2025-09-27,80,BT,NG,Africa,GLOBAL_500_V1,baseline
10.0.14.233,-1.588639,36.938023,PTZ Camera,Sony SNC-EP580,Nairobi Sector 13,2025-10-23,443,Comcast,KE,Africa,GLOBAL_500_V1,baseline
10.0.14.234,-26.138787,28.227769,Dome Camera,Bosch FLEXIDOME,Johannesburg Sector 14,2026-01-15,443,Airtel,ZA,Africa,GLOBAL_500_V1,baseline
10.0.14.235,33.74455,-7.67046,IP Camera,Sony SNC-EP580,Casablanca Sector 15,2025-05-09,443,Lumen,MA,Africa,GLOBAL_500_V1,baseline
10.0.14.236,5.658498,0.261311,Dome Camera,Axis P5655-E,Accra Sector 16,2025-10-23,8080,Cloudflare,GH,Africa,GLOBAL_500_V1,baseline
10.0.14.237,25.246446,55.429082,Bullet Camera,Axis P5655-E,Dubai Sector 17,2025-07-01,443,DigitalOcean,AE,Middle East,GLOBAL_500_V1,baseline
10.0.14.238,24.765878,46.42768,Dome Camera,Sony SNC-EP580,Riyadh Sector 18,2024-12-24,443,BT,SA,Middle East,GLOBAL_500_V1,baseline
10.0.14.239,31.920637,34.645723,Dome Camera,Hikvision DS-2CD2085G1,Tel Aviv Sector 19,2024-12-30,8080,Airtel,IL,Middle East,GLOBAL_500_V1,baseline
10.0.14.240,25.57194,51.940148,IP Camera,Dahua SD49425XB,Doha Sector 20,2025-06-24,80,Cloudflare,QA,Middle East,GLOBAL_500_V1,baseline
10.0.15.241,41.389809,29.118775,PTZ Camera,Hanwha XNV-8080R,Istanbul Sector 1,2025-07-14,554,DigitalOcean,TR,Middle East,GLOBAL_500_V1,baseline
10.0.15.242,28.287446,77.313109,IP Camera,Sony SNC-EP580,Delhi Sector 2,2025-11-09,443,Lumen,IN,Asia,GLOBAL_500_V1,baseline
10.0.15.243,18.673242,72.799671,PTZ Camera,Hikvision DS-2CD2085G1,Mumbai Sector 3,2025-08-12,443,Airtel,IN,Asia,GLOBAL_500_V1,baseline
10.0.15.244,1.489704,104.162383,Dome Camera,Dahua SD49425XB,Singapore Sector 4,2025-11-15,554,Comcast,SG,Asia,GLOBAL_500_V1,baseline
10.0.15.245,36.043343,139.280815,IP Camera,Axis P5655-E,Tokyo Sector 5,2025-10-03,8080,AT&T,JP,Asia,GLOBAL_500_V1,baseline
10.0.15.246,37.95703,126.560706,PTZ Camera,Sony SNC-EP580,Seoul Sector 6,2025-05-03,554,Comcast,KR,Asia,GLOBAL_500_V1,baseline
10.0.15.247,13.31464,100.562966,Dome Camera,Bosch FLEXIDOME,Bangkok Sector 7,2026-01-29,8080,AT&T,TH,Asia,GLOBAL_500_V1,baseline
10.0.15.248,-5.892846,106.816819,Dome Camera,Axis P5655-E,Jakarta Sector 8,2026-02-26,8080,DigitalOcean,ID,Asia,GLOBAL_500_V1,baseline
10.0.15.249,-33.672062,150.771976,PTZ Camera,Axis P5655-E,Sydney Sector 9,2026-02-03,8080,Airtel,AU,Oceania,GLOBAL_500_V1,baseline
10.0.15.250,-37.799847,144.591164,PTZ Camera,Bosch FLEXIDOME,Melbourne Sector 10,2025-11-17,554,Lumen,AU,Oceania,GLOBAL_500_V1,baseline
10.0.15.251,-37.294753,174.659717,Dome Camera,Dahua SD49425XB,Auckland Sector 11,2025-11-06,80,DigitalOcean,NZ,Oceania,GLOBAL_500_V1,baseline
10.0.15.252,-31.812185,116.033992,Bullet Camera,Dahua SD49425XB,Perth Sector 12,2026-02-25,443,Airtel,AU,Oceania,GLOBAL_500_V1,baseline
10.0.15.253,39.074666,-76.656105,IP Camera,Sony SNC-EP580,Washington Sector 13,2025-06-19,554,Cloudflare,US,North America,GLOBAL_500_V1,baseline
10.0.15.254,40.815963,-74.258784,Bullet Camera,Sony SNC-EP580,New York Sector 14,2026-02-21,554,Airtel,US,North America,GLOBAL_500_V1,baseline
10.0.15.1,19.614347,-98.761683,PTZ Camera,Sony SNC-EP580,Mexico City Sector 15,2025-07-13,80,BT,MX,North America,GLOBAL_500_V1,baseline
10.0.15.2,43.678556,-79.507594,IP Camera,Hanwha XNV-8080R,Toronto Sector 16,2025-02-10,443,AT&T,CA,North America,GLOBAL_500_V1,baseline
10.1.16.3,4.409083,-73.753063,Bullet Camera,Hikvision DS-2CD2085G1,Bogota Sector 17,2025-11-14,8080,Comcast,CO,South America,GLOBAL_500_V1,baseline
10.1.16.4,-12.088311,-77.030877,Bullet Camera,Sony SNC-EP580,Lima Sector 18,2025-12-03,554,Comcast,PE,South America,GLOBAL_500_V1,baseline
10.1.16.5,-23.644146,-46.348492,IP Camera,Hikvision DS-2CD2085G1,Sao Paulo Sector 19,2025-04-11,8080,Cloudflare,BR,South America,GLOBAL_500_V1,baseline
10.1.16.6,-34.423354,-58.344553,Bullet Camera,Hikvision DS-2CD2085G1,Buenos Aires Sector 20,2026-03-04,554,Airtel,AR,South America,GLOBAL_500_V1,baseline
10.1.16.7,51.219383,-0.455914,Dome Camera,Bosch FLEXIDOME,London Sector 1,2025-10-18,8080,Airtel,GB,Europe,GLOBAL_500_V1,baseline
10.1.16.8,48.744681,2.516657,PTZ Camera,Sony SNC-EP580,Paris Sector 2,2025-10-02,554,Verizon,FR,Europe,GLOBAL_500_V1,baseline
10.1.16.9,52.230626,13.438533,IP Camera,Hikvision DS-2CD2085G1,Berlin Sector 3,2025-11-12,554,BT,DE,Europe,GLOBAL_500_V1,baseline
10.1.16.10,40.57295,-3.663799,PTZ Camera,Bosch FLEXIDOME,Madrid Sector 4,2025-11-11,554,AT&T,ES,Europe,GLOBAL_500_V1,baseline
10.1.16.11,41.700885,12.890069,IP Camera,Sony SNC-EP580,Rome Sector 5,2025-08-09,8080,Comcast,IT,Europe,GLOBAL_500_V1,baseline
10.1.16.12,51.9963,20.622762,IP Camera,Axis P5655-E,Warsaw Sector 6,2025-10-14,80,Airtel,PL,Europe,GLOBAL_500_V1,baseline
10.1.16.13,29.989467,31.271484,PTZ Camera,Hanwha XNV-8080R,Cairo Sector 7,2025-08-23,554,Lumen,EG,Africa,GLOBAL_500_V1,baseline
10.1.16.14,6.808608,3.587566,Dome Camera,Axis P5655-E,Lagos Sector 8,2025-12-26,554,AT&T,NG,Africa,GLOBAL_500_V1,baseline
10.1.16.15,-0.854974,36.841026,IP Camera,Hanwha XNV-8080R,Nairobi Sector 9,2025-11-05,443,Airtel,KE,Africa,GLOBAL_500_V1,baseline
10.1.16.16,-26.153834,27.639496,Dome Camera,Sony SNC-EP580,Johannesburg Sector 10,2026-01-23,8080,Airtel,ZA,Africa,GLOBAL_500_V1,baseline
10.1.16.17,33.257396,-7.700986,PTZ Camera,Axis P5655-E,Casablanca Sector 11,2025-05-08,554,AT&T,MA,Africa,GLOBAL_500_V1,baseline
10.1.16.18,5.878899,0.186267,PTZ Camera,Bosch FLEXIDOME,Accra Sector 12,2025-10-18,443,DigitalOcean,GH,Africa,GLOBAL_500_V1,baseline
10.1.17.19,24.937803,55.402835,IP Camera,Hanwha XNV-8080R,Dubai Sector 13,2024-12-06,443,Comcast,AE,Middle East,GLOBAL_500_V1,baseline
10.1.17.20,24.505215,46.831605,PTZ Camera,Hanwha XNV-8080R,Riyadh Sector 14,2025-12-01,443,BT,SA,Middle East,GLOBAL_500_V1,baseline
10.1.17.21,31.8233,35.14813,PTZ Camera,Axis P5655-E,Tel Aviv Sector 15,2026-03-11,80,BT,IL,Middle East,GLOBAL_500_V1,baseline
10.1.17.22,25.658397,51.707064,PTZ Camera,Hanwha XNV-8080R,Doha Sector 16,2025-05-28,554,DigitalOcean,QA,Middle East,GLOBAL_500_V1,baseline
10.1.17.23,40.900796,29.008685,Dome Camera,Hanwha XNV-8080R,Istanbul Sector 17,2026-02-07,8080,BT,TR,Middle East,GLOBAL_500_V1,baseline
10.1.17.24,28.252647,77.642187,PTZ Camera,Dahua SD49425XB,Delhi Sector 18,2025-10-31,554,Airtel,IN,Asia,GLOBAL_500_V1,baseline
10.1.17.25,18.667144,73.205376,Dome Camera,Hanwha XNV-8080R,Mumbai Sector 19,2025-09-02,8080,DigitalOcean,IN,Asia,GLOBAL_500_V1,baseline
10.1.17.26,1.03927,103.666679,Bullet Camera,Hanwha XNV-8080R,Singapore Sector 20,2026-02-09,554,DigitalOcean,SG,Asia,GLOBAL_500_V1,baseline
10.1.17.27,35.913225,139.640059,Bullet Camera,Axis P5655-E,Tokyo Sector 1,2025-05-04,554,AT&T,JP,Asia,GLOBAL_500_V1,baseline
10.1.17.28,37.242463,127.019892,IP Camera,Hanwha XNV-8080R,Seoul Sector 2,2026-01-02,80,Verizon,KR,Asia,GLOBAL_500_V1,baseline
10.1.17.29,14.156969,100.653194,PTZ Camera,Sony SNC-EP580,Bangkok Sector 3,2025-05-24,443,Verizon,TH,Asia,GLOBAL_500_V1,baseline
10.1.17.30,-6.022347,106.403827,IP Camera,Hanwha XNV-8080R,Jakarta Sector 4,2025-10-24,8080,BT,ID,Asia,GLOBAL_500_V1,baseline
10.1.17.31,-34.304641,151.238291,Dome Camera,Hanwha XNV-8080R,Sydney Sector 5,2025-12-08,554,Comcast,AU,Oceania,GLOBAL_500_V1,baseline
10.1.17.32,-37.811606,145.141173,IP Camera,Hikvision DS-2CD2085G1,Melbourne Sector 6,2025-11-18,443,Lumen,AU,Oceania,GLOBAL_500_V1,baseline
10.1.17.33,-37.128161,174.78831,Bullet Camera,Hikvision DS-2CD2085G1,Auckland Sector 7,2025-06-30,554,Airtel,NZ,Oceania,GLOBAL_500_V1,baseline
10.1.17.34,-31.987402,115.629387,IP Camera,Sony SNC-EP580,Perth Sector 8,2025-11-02,80,Verizon,AU,Oceania,GLOBAL_500_V1,baseline
10.1.18.35,38.82195,-77.147447,PTZ Camera,Hikvision DS-2CD2085G1,Washington Sector 9,2025-12-09,8080,Airtel,US,North America,GLOBAL_500_V1,baseline
10.1.18.36,40.843217,-74.157856,IP Camera,Axis P5655-E,New York Sector 10,2025-02-14,443,BT,US,North America,GLOBAL_500_V1,baseline
10.1.18.37,19.226586,-98.751457,IP Camera,Axis P5655-E,Mexico City Sector 11,2025-11-05,554,Comcast,MX,North America,GLOBAL_500_V1,baseline
10.1.18.38,44.068522,-79.304868,IP Camera,Dahua SD49425XB,Toronto Sector 12,2025-05-28,443,Lumen,CA,North America,GLOBAL_500_V1,baseline
10.1.18.39,4.771026,-73.757602,Dome Camera,Bosch FLEXIDOME,Bogota Sector 13,2025-10-02,443,Verizon,CO,South America,GLOBAL_500_V1,baseline
10.1.18.40,-12.045686,-76.615909,PTZ Camera,Hikvision DS-2CD2085G1,Lima Sector 14,2026-01-16,554,Airtel,PE,South America,GLOBAL_500_V1,baseline
10.1.18.41,-23.128472,-46.789561,Bullet Camera,Axis P5655-E,Sao Paulo Sector 15,2025-10-14,554,Airtel,BR,South America,GLOBAL_500_V1,baseline
10.1.18.42,-34.665037,-58.219875,Dome Camera,Axis P5655-E,Buenos Aires Sector 16,2025-11-30,80,Verizon,AR,South America,GLOBAL_500_V1,baseline
10.1.18.43,51.298575,-0.2358,Bullet Camera,Dahua SD49425XB,London Sector 17,2025-07-29,554,Verizon,GB,Europe,GLOBAL_500_V1,baseline
10.1.18.44,48.488968,2.750864,IP Camera,Axis P5655-E,Paris Sector 18,2025-11-06,80,AT&T,FR,Europe,GLOBAL_500_V1,baseline
10.1.18.45,52.457882,13.456287,IP Camera,Hikvision DS-2CD2085G1,Berlin Sector 19,2025-11-27,554,Verizon,DE,Europe,GLOBAL_500_V1,baseline
10.1.18.46,40.504032,-3.447805,Dome Camera,Bosch FLEXIDOME,Madrid Sector 20,2025-09-03,8080,Verizon,ES,Europe,GLOBAL_500_V1,baseline
10.1.18.47,42.105159,12.549983,PTZ Camera,Sony SNC-EP580,Rome Sector 1,2025-01-07,8080,AT&T,IT,Europe,GLOBAL_500_V1,baseline
10.1.18.48,51.904656,20.833218,PTZ Camera,Bosch FLEXIDOME,Warsaw Sector 2,2025-12-02,554,Airtel,PL,Europe,GLOBAL_500_V1,baseline
10.1.18.49,29.864177,31.4901,Bullet Camera,Hanwha XNV-8080R,Cairo Sector 3,2026-02-09,443,BT,EG,Africa,GLOBAL_500_V1,baseline
10.1.18.50,6.170675,3.203392,Bullet Camera,Dahua SD49425XB,Lagos Sector 4,2024-12-15,8080,Cloudflare,NG,Africa,GLOBAL_500_V1,baseline
10.1.19.51,-1.354545,37.113082,Dome Camera,Dahua SD49425XB,Nairobi Sector 5,2025-11-23,443,BT,KE,Africa,GLOBAL_500_V1,baseline
10.1.19.52,-26.371335,28.465417,Bullet Camera,Hanwha XNV-8080R,Johannesburg Sector 6,2024-12-26,443,Cloudflare,ZA,Africa,GLOBAL_500_V1,baseline
10.1.19.53,33.46155,-7.304955,PTZ Camera,Hanwha XNV-8080R,Casablanca Sector 7,2026-02-26,443,Comcast,MA,Africa,GLOBAL_500_V1,baseline
10.1.19.54,6.011404,-0.22154,Dome Camera,Sony SNC-EP580,Accra Sector 8,2025-05-17,80,Airtel,GH,Africa,GLOBAL_500_V1,baseline
10.1.19.55,25.36048,54.946061,PTZ Camera,Sony SNC-EP580,Dubai Sector 9,2026-02-08,8080,Airtel,AE,Middle East,GLOBAL_500_V1,baseline
10.1.19.56,24.330169,47.116931,Bullet Camera,Hanwha XNV-8080R,Riyadh Sector 10,2025-10-20,80,Cloudflare,SA,Middle East,GLOBAL_500_V1,baseline
10.1.19.57,32.266771,35.062867,IP Camera,Axis P5655-E,Tel Aviv Sector 11,2025-11-30,554,AT&T,IL,Middle East,GLOBAL_500_V1,baseline
10.1.19.58,25.4177,51.120867,Bullet Camera,Dahua SD49425XB,Doha Sector 12,2024-09-26,8080,Verizon,QA,Middle East,GLOBAL_500_V1,baseline
10.1.19.59,40.567693,28.761265,PTZ Camera,Bosch FLEXIDOME,Istanbul Sector 13,2025-10-05,554,Airtel,TR,Middle East,GLOBAL_500_V1,baseline
10.1.19.60,28.580657,77.3706,Dome Camera,Hikvision DS-2CD2085G1,Delhi Sector 14,2025-11-21,8080,Verizon,IN,Asia,GLOBAL_500_V1,baseline
10.1.19.61,18.891889,73.256193,Dome Camera,Dahua SD49425XB,Mumbai Sector 15,2026-02-22,554,BT,IN,Asia,GLOBAL_500_V1,baseline
10.1.19.62,1.607943,103.838803,Bullet Camera,Sony SNC-EP580,Singapore Sector 16,2026-02-28,8080,Cloudflare,SG,Asia,GLOBAL_500_V1,baseline
10.1.19.63,35.286657,139.240515,Dome Camera,Sony SNC-EP580,Tokyo Sector 17,2025-09-01,80,AT&T,JP,Asia,GLOBAL_500_V1,baseline
10.1.19.64,37.95343,127.194441,PTZ Camera,Dahua SD49425XB,Seoul Sector 18,2025-10-01,8080,BT,KR,Asia,GLOBAL_500_V1,baseline
10.1.19.65,13.51497,100.416343,Bullet Camera,Hikvision DS-2CD2085G1,Bangkok Sector 19,2026-01-16,443,BT,TH,Asia,GLOBAL_500_V1,baseline
10.1.19.66,-6.125817,106.745552,Dome Camera,Sony SNC-EP580,Jakarta Sector 20,2025-07-16,80,Verizon,ID,Asia,GLOBAL_500_V1,baseline
10.1.20.67,-33.599248,151.2425,Bullet Camera,Hikvision DS-2CD2085G1,Sydney Sector 1,2026-02-15,554,BT,AU,Oceania,GLOBAL_500_V1,baseline
10.1.20.68,-37.788656,145.088298,IP Camera,Dahua SD49425XB,Melbourne Sector 2,2025-10-21,554,BT,AU,Oceania,GLOBAL_500_V1,baseline
10.1.20.69,-36.745274,175.046864,IP Camera,Sony SNC-EP580,Auckland Sector 3,2025-06-22,443,Cloudflare,NZ,Oceania,GLOBAL_500_V1,baseline
10.1.20.70,-32.294425,115.685342,Bullet Camera,Bosch FLEXIDOME,Perth Sector 4,2026-02-22,443,Airtel,AU,Oceania,GLOBAL_500_V1,baseline
10.1.20.71,38.837935,-77.048897,PTZ Camera,Bosch FLEXIDOME,Washington Sector 5,2025-11-18,554,AT&T,US,North America,GLOBAL_500_V1,baseline
10.1.20.72,40.431189,-73.698213,IP Camera,Bosch FLEXIDOME,New York Sector 6,2025-10-26,443,Lumen,US,North America,GLOBAL_500_V1,baseline
10.1.20.73,19.716294,-98.715754,Bullet Camera,Sony SNC-EP580,Mexico City Sector 7,2025-10-08,8080,Airtel,MX,North America,GLOBAL_500_V1,baseline
10.1.20.74,43.842328,-79.433733,IP Camera,Axis P5655-E,Toronto Sector 8,2025-12-30,554,Comcast,CA,North America,GLOBAL_500_V1,baseline
10.1.20.75,4.508368,-74.038252,Bullet Camera,Hanwha XNV-8080R,Bogota Sector 9,2026-01-13,80,Verizon,CO,South America,GLOBAL_500_V1,baseline
10.1.20.76,-12.2553,-77.004004,IP Camera,Sony SNC-EP580,Lima Sector 10,2024-10-23,8080,Lumen,PE,South America,GLOBAL_500_V1,baseline
10.1.20.77,-23.109702,-46.991125,Dome Camera,Hikvision DS-2CD2085G1,Sao Paulo Sector 11,2025-07-05,8080,DigitalOcean,BR,South America,GLOBAL_500_V1,baseline
10.1.20.78,-34.739981,-58.096544,PTZ Camera,Axis P5655-E,Buenos Aires Sector 12,2025-11-25,554,Airtel,AR,South America,GLOBAL_500_V1,baseline
10.1.20.79,51.206783,-0.452489,IP Camera,Hanwha XNV-8080R,London Sector 13,2026-02-14,554,DigitalOcean,GB,Europe,GLOBAL_500_V1,baseline
10.1.20.80,48.943772,2.05374,Dome Camera,Hanwha XNV-8080R,Paris Sector 14,2024-12-26,554,Verizon,FR,Europe,GLOBAL_500_V1,baseline
10.1.20.81,52.19203,13.630085,Dome Camera,Sony SNC-EP580,Berlin Sector 15,2025-12-03,443,AT&T,DE,Europe,GLOBAL_500_V1,baseline
10.1.20.82,40.19151,-3.513545,Bullet Camera,Axis P5655-E,Madrid Sector 16,2025-05-29,554,Airtel,ES,Europe,GLOBAL_500_V1,baseline
10.1.21.83,41.790455,12.114365,Bullet Camera,Hanwha XNV-8080R,Rome Sector 17,2025-08-14,554,Cloudflare,IT,Europe,GLOBAL_500_V1,baseline
10.1.21.84,52.188926,21.00144,Bullet Camera,Sony SNC-EP580,Warsaw Sector 18,2025-11-29,554,Verizon,PL,Europe,GLOBAL_500_V1,baseline
10.1.21.85,30.31051,31.143644,Bullet Camera,Dahua SD49425XB,Cairo Sector 19,2025-01-15,554,DigitalOcean,EG,Africa,GLOBAL_500_V1,baseline
10.1.21.86,6.37838,3.44934,Dome Camera,Sony SNC-EP580,Lagos Sector 20,2025-10-09,80,Comcast,NG,Africa,GLOBAL_500_V1,baseline
10.1.21.87,-1.652483,37.077401,PTZ Camera,Bosch FLEXIDOME,Nairobi Sector 1,2025-11-25,8080,Comcast,KE,Africa,GLOBAL_500_V1,baseline
10.1.21.88,-25.761446,27.982319,Dome Camera,Axis P5655-E,Johannesburg Sector 2,2025-02-05,554,Verizon,ZA,Africa,GLOBAL_500_V1,baseline
10.1.21.89,33.712229,-7.81445,IP Camera,Bosch FLEXIDOME,Casablanca Sector 3,2026-02-19,554,Lumen,MA,Africa,GLOBAL_500_V1,baseline
10.1.21.90,5.540008,-0.554921,Bullet Camera,Hikvision DS-2CD2085G1,Accra Sector 4,2026-02-13,443,Lumen,GH,Africa,GLOBAL_500_V1,baseline
10.1.21.91,25.2223,55.22136,IP Camera,Bosch FLEXIDOME,Dubai Sector 5,2026-01-28,443,BT,AE,Middle East,GLOBAL_500_V1,baseline
10.1.21.92,24.327345,46.570063,IP Camera,Dahua SD49425XB,Riyadh Sector 6,2025-08-11,554,DigitalOcean,SA,Middle East,GLOBAL_500_V1,baseline
10.1.21.93,31.758716,35.027914,PTZ Camera,Hikvision DS-2CD2085G1,Tel Aviv Sector 7,2025-08-03,80,AT&T,IL,Middle East,GLOBAL_500_V1,baseline
10.1.21.94,25.231489,51.731189,Bullet Camera,Hanwha XNV-8080R,Doha Sector 8,2025-11-21,8080,Lumen,QA,Middle East,GLOBAL_500_V1,baseline
10.1.21.95,40.636219,28.618819,Bullet Camera,Dahua SD49425XB,Istanbul Sector 9,2025-04-09,8080,Cloudflare,TR,Middle East,GLOBAL_500_V1,baseline
10.1.21.96,28.875869,76.982008,Dome Camera,Sony SNC-EP580,Delhi Sector 10,2025-11-09,80,DigitalOcean,IN,Asia,GLOBAL_500_V1,baseline
10.1.21.97,18.810901,72.973934,Dome Camera,Sony SNC-EP580,Mumbai Sector 11,2026-01-21,80,Lumen,IN,Asia,GLOBAL_500_V1,baseline
10.1.21.98,1.347499,103.471269,IP Camera,Dahua SD49425XB,Singapore Sector 12,2025-12-01,554,AT&T,SG,Asia,GLOBAL_500_V1,baseline
10.1.22.99,35.574354,139.955376,PTZ Camera,Bosch FLEXIDOME,Tokyo Sector 13,2025-10-02,80,Comcast,JP,Asia,GLOBAL_500_V1,baseline
10.1.22.100,37.645127,126.540414,Bullet Camera,Hanwha XNV-8080R,Seoul Sector 14,2026-03-05,554,Airtel,KR,Asia,GLOBAL_500_V1,baseline
10.1.22.101,13.687518,100.41385,PTZ Camera,Dahua SD49425XB,Bangkok Sector 15,2025-10-03,80,DigitalOcean,TH,Asia,GLOBAL_500_V1,baseline
10.1.22.102,-6.587681,107.224432,Dome Camera,Bosch FLEXIDOME,Jakarta Sector 16,2025-01-30,80,DigitalOcean,ID,Asia,GLOBAL_500_V1,baseline
10.1.22.103,-33.689992,151.416263,PTZ Camera,Hikvision DS-2CD2085G1,Sydney Sector 17,2025-08-23,8080,Verizon,AU,Oceania,GLOBAL_500_V1,baseline
10.1.22.104,-37.855565,145.061049,IP Camera,Hikvision DS-2CD2085G1,Melbourne Sector 18,2026-02-18,443,Comcast,AU,Oceania,GLOBAL_500_V1,baseline
10.1.22.105,-37.153451,175.172215,PTZ Camera,Dahua SD49425XB,Auckland Sector 19,2025-11-07,443,DigitalOcean,NZ,Oceania,GLOBAL_500_V1,baseline
10.1.22.106,-31.740858,115.516751,Bullet Camera,Dahua SD49425XB,Perth Sector 20,2025-06-13,80,DigitalOcean,AU,Oceania,GLOBAL_500_V1,baseline
10.1.22.107,39.098291,-76.967913,Dome Camera,Hikvision DS-2CD2085G1,Washington Sector 1,2026-01-13,8080,AT&T,US,North America,GLOBAL_500_V1,baseline
10.1.22.108,40.593719,-74.226396,IP Camera,Axis P5655-E,New York Sector 2,2025-12-29,80,Comcast,US,North America,GLOBAL_500_V1,baseline
10.1.22.109,19.75542,-99.572141,Bullet Camera,Axis P5655-E,Mexico City Sector 3,2026-01-25,443,Comcast,MX,North America,GLOBAL_500_V1,baseline
10.1.22.110,43.700778,-79.010647,PTZ Camera,Dahua SD49425XB,Toronto Sector 4,2025-05-22,443,Airtel,CA,North America,GLOBAL_500_V1,baseline
10.1.22.111,5.085269,-74.234158,Dome Camera,Hikvision DS-2CD2085G1,Bogota Sector 5,2025-04-13,80,AT&T,CO,South America,GLOBAL_500_V1,baseline
10.1.22.112,-12.295533,-77.028603,IP Camera,Bosch FLEXIDOME,Lima Sector 6,2026-01-20,554,DigitalOcean,PE,South America,GLOBAL_500_V1,baseline
10.1.22.113,-23.705929,-46.585518,Dome Camera,Hanwha XNV-8080R,Sao Paulo Sector 7,2026-02-15,554,Lumen,BR,South America,GLOBAL_500_V1,baseline
10.1.22.114,-34.636166,-58.299078,PTZ Camera,Axis P5655-E,Buenos Aires Sector 8,2025-11-15,80,Airtel,AR,South America,GLOBAL_500_V1,baseline
10.1.23.115,51.078919,-0.090409,Dome Camera,Hikvision DS-2CD2085G1,London Sector 9,2025-12-09,8080,DigitalOcean,GB,Europe,GLOBAL_500_V1,baseline
10.1.23.116,48.500154,2.379033,IP Camera,Axis P5655-E,Paris Sector 10,2026-01-09,554,Verizon,FR,Europe,GLOBAL_500_V1,baseline
10.1.23.117,52.10951,13.163325,Dome Camera,Bosch FLEXIDOME,Berlin Sector 11,2025-05-24,80,Verizon,DE,Europe,GLOBAL_500_V1,baseline
10.1.23.118,40.421685,-3.580306,IP Camera,Bosch FLEXIDOME,Madrid Sector 12,2025-12-27,443,Lumen,ES,Europe,GLOBAL_500_V1,baseline
10.1.23.119,41.715308,12.812222,Dome Camera,Dahua SD49425XB,Rome Sector 13,2024-11-30,8080,DigitalOcean,IT,Europe,GLOBAL_500_V1,baseline
10.1.23.120,51.98995,21.411399,IP Camera,Axis P5655-E,Warsaw Sector 14,2025-12-28,80,AT&T,PL,Europe,GLOBAL_500_V1,baseline
10.1.23.121,29.99901,31.06833,PTZ Camera,Bosch FLEXIDOME,Cairo Sector 15,2026-01-26,554,BT,EG,Africa,GLOBAL_500_V1,baseline
10.1.23.122,6.312907,3.037122,IP Camera,Axis P5655-E,Lagos Sector 16,2026-02-02,554,AT&T,NG,Africa,GLOBAL_500_V1,baseline
10.1.23.123,-1.660008,36.595297,IP Camera,Sony SNC-EP580,Nairobi Sector 17,2026-01-06,554,DigitalOcean,KE,Africa,GLOBAL_500_V1,baseline
10.1.23.124,-25.916019,27.753781,PTZ Camera,Hikvision DS-2CD2085G1,Johannesburg Sector 18,2024-11-15,8080,Verizon,ZA,Africa,GLOBAL_500_V1,baseline
10.1.23.125,33.846607,-7.913986,PTZ Camera,Axis P5655-E,Casablanca Sector 19,2026-02-12,8080,Cloudflare,MA,Africa,GLOBAL_500_V1,baseline
10.1.23.126,5.771357,0.206817,Dome Camera,Hikvision DS-2CD2085G1,Accra Sector 20,2025-12-27,80,Verizon,GH,Africa,GLOBAL_500_V1,baseline
10.1.23.127,24.932775,55.402188,Dome Camera,Hikvision DS-2CD2085G1,Dubai Sector 1,2025-08-14,80,BT,AE,Middle East,GLOBAL_500_V1,baseline
10.1.23.128,24.309174,47.057019,Bullet Camera,Hikvision DS-2CD2085G1,Riyadh Sector 2,2025-10-21,8080,Airtel,SA,Middle East,GLOBAL_500_V1,baseline
10.1.23.129,31.790826,34.525044,Bullet Camera,Axis P5655-E,Tel Aviv Sector 3,2026-02-05,80,Lumen,IL,Middle East,GLOBAL_500_V1,baseline
10.1.23.130,25.417951,51.530002,IP Camera,Hikvision DS-2CD2085G1,Doha Sector 4,2025-05-07,554,Airtel,QA,Middle East,GLOBAL_500_V1,baseline
10.1.24.131,40.681712,28.707912,PTZ Camera,Sony SNC-EP580,Istanbul Sector 5,2025-04-25,80,Airtel,TR,Middle East,GLOBAL_500_V1,baseline
10.1.24.132,28.867624,77.082201,Dome Camera,Hanwha XNV-8080R,Delhi Sector 6,2025-10-09,554,Airtel,IN,Asia,GLOBAL_500_V1,baseline
10.1.24.133,18.869392,72.451157,Dome Camera,Hikvision DS-2CD2085G1,Mumbai Sector 7,2025-12-07,8080,Cloudflare,IN,Asia,GLOBAL_500_V1,baseline
10.1.24.134,1.592258,104.269445,PTZ Camera,Sony SNC-EP580,Singapore Sector 8,2025-02-13,443,DigitalOcean,SG,Asia,GLOBAL_500_V1,baseline
10.1.24.135,35.706521,139.912413,Bullet Camera,Dahua SD49425XB,Tokyo Sector 9,2025-07-12,443,AT&T,JP,Asia,GLOBAL_500_V1,baseline
10.1.24.136,37.329396,126.814204,IP Camera,Sony SNC-EP580,Seoul Sector 10,2025-06-07,554,AT&T,KR,Asia,GLOBAL_500_V1,baseline
10.1.24.137,13.813098,100.22121,Dome Camera,Axis P5655-E,Bangkok Sector 11,2024-11-04,8080,Comcast,TH,Asia,GLOBAL_500_V1,baseline
10.1.24.138,-6.577568,106.604961,Bullet Camera,Hikvision DS-2CD2085G1,Jakarta Sector 12,2026-01-04,554,Lumen,ID,Asia,GLOBAL_500_V1,baseline
10.1.24.139,-33.592999,151.065983,IP Camera,Hikvision DS-2CD2085G1,Sydney Sector 13,2026-01-30,443,AT&T,AU,Oceania,GLOBAL_500_V1,baseline
10.1.24.140,-37.56667,145.274933,Dome Camera,Sony SNC-EP580,Melbourne Sector 14,2025-08-19,8080,Verizon,AU,Oceania,GLOBAL_500_V1,baseline
10.1.24.141,-36.997995,174.604843,Bullet Camera,Sony SNC-EP580,Auckland Sector 15,2024-11-19,554,AT&T,NZ,Oceania,GLOBAL_500_V1,baseline
10.1.24.142,-31.764035,115.91628,PTZ Camera,Sony SNC-EP580,Perth Sector 16,2025-06-07,443,Airtel,AU,Oceania,GLOBAL_500_V1,baseline
10.1.24.143,38.733341,-76.867251,Bullet Camera,Hanwha XNV-8080R,Washington Sector 17,2026-03-12,80,AT&T,US,North America,GLOBAL_500_V1,baseline
10.1.24.144,40.80495,-73.627066,IP Camera,Bosch FLEXIDOME,New York Sector 18,2025-01-13,443,Cloudflare,US,North America,GLOBAL_500_V1,baseline
10.1.24.145,19.653409,-99.369004,IP Camera,Sony SNC-EP580,Mexico City Sector 19,2025-01-27,554,BT,MX,North America,GLOBAL_500_V1,baseline
10.1.24.146,43.213456,-79.644484,Dome Camera,Hikvision DS-2CD2085G1,Toronto Sector 20,2025-10-27,80,Comcast,CA,North America,GLOBAL_500_V1,baseline
10.1.25.147,4.608343,-73.862774,Bullet Camera,Bosch FLEXIDOME,Bogota Sector 1,2024-11-25,554,Airtel,CO,South America,GLOBAL_500_V1,baseline
10.1.25.148,-12.405114,-77.06126,PTZ Camera,Bosch FLEXIDOME,Lima Sector 2,2025-07-11,80,Comcast,PE,South America,GLOBAL_500_V1,baseline
10.1.25.149,-23.735082,-46.796455,Dome Camera,Axis P5655-E,Sao Paulo Sector 3,2025-02-20,8080,AT&T,BR,South America,GLOBAL_500_V1,baseline
10.1.25.150,-34.394913,-58.339258,Dome Camera,Hanwha XNV-8080R,Buenos Aires Sector 4,2025-08-14,8080,Comcast,AR,South America,GLOBAL_500_V1,baseline
10.1.25.151,51.445591,0.010472,PTZ Camera,Hikvision DS-2CD2085G1,London Sector 5,2025-10-16,80,Cloudflare,GB,Europe,GLOBAL_500_V1,baseline
10.1.25.152,48.591595,2.073186,Dome Camera,Sony SNC-EP580,Paris Sector 6,2025-10-02,554,DigitalOcean,FR,Europe,GLOBAL_500_V1,baseline
10.1.25.153,52.283793,12.999672,PTZ Camera,Hikvision DS-2CD2085G1,Berlin Sector 7,2025-10-09,554,Comcast,DE,Europe,GLOBAL_500_V1,baseline
10.1.25.154,40.351645,-3.888705,PTZ Camera,Hikvision DS-2CD2085G1,Madrid Sector 8,2025-10-10,80,Lumen,ES,Europe,GLOBAL_500_V1,baseline
10.1.25.155,41.606549,12.30903,Dome Camera,Bosch FLEXIDOME,Rome Sector 9,2026-02-26,8080,BT,IT,Europe,GLOBAL_500_V1,baseline
10.1.25.156,52.58509,20.800704,PTZ Camera,Dahua SD49425XB,Warsaw Sector 10,2025-10-22,8080,Cloudflare,PL,Europe,GLOBAL_500_V1,baseline
10.1.25.157,29.762325,30.825855,PTZ Camera,Dahua SD49425XB,Cairo Sector 11,2025-11-07,80,AT&T,EG,Africa,GLOBAL_500_V1,baseline
10.1.25.158,6.751412,3.529922,Bullet Camera,Hanwha XNV-8080R,Lagos Sector 12,2026-01-27,443,Comcast,NG,Africa,GLOBAL_500_V1,baseline
10.1.25.159,-0.985383,37.108465,Bullet Camera,Hanwha XNV-8080R,Nairobi Sector 13,2025-10-03,443,BT,KE,Africa,GLOBAL_500_V1,baseline
10.1.25.160,-26.385133,27.952624,PTZ Camera,Hikvision DS-2CD2085G1,Johannesburg Sector 14,2025-08-29,8080,AT&T,ZA,Africa,GLOBAL_500_V1,baseline
10.1.25.161,33.977255,-7.889352,PTZ Camera,Hikvision DS-2CD2085G1,Casablanca Sector 15,2026-02-16,8080,Verizon,MA,Africa,GLOBAL_500_V1,baseline
10.1.25.162,6.043152,-0.245146,PTZ Camera,Hanwha XNV-8080R,Accra Sector 16,2024-10-01,554,Cloudflare,GH,Africa,GLOBAL_500_V1,baseline
10.1.26.163,25.574524,55.643557,Bullet Camera,Hanwha XNV-8080R,Dubai Sector 17,2026-01-22,554,DigitalOcean,AE,Middle East,GLOBAL_500_V1,baseline
10.1.26.164,24.731319,47.050746,Bullet Camera,Hikvision DS-2CD2085G1,Riyadh Sector 18,2025-12-27,8080,AT&T,SA,Middle East,GLOBAL_500_V1,baseline
10.1.26.165,31.76868,34.860941,IP Camera,Hanwha XNV-8080R,Tel Aviv Sector 19,2025-08-12,80,DigitalOcean,IL,Middle East,GLOBAL_500_V1,baseline
10.1.26.166,25.616128,51.873122,Bullet Camera,Sony SNC-EP580,Doha Sector 20,2025-07-01,8080,BT,QA,Middle East,GLOBAL_500_V1,baseline
10.1.26.167,40.591919,28.776273,Bullet Camera,Hikvision DS-2CD2085G1,Istanbul Sector 1,2025-12-25,8080,Cloudflare,TR,Middle East,GLOBAL_500_V1,baseline
10.1.26.168,28.785362,76.803362,Dome Camera,Hikvision DS-2CD2085G1,Delhi Sector 2,2025-11-06,554,DigitalOcean,IN,Asia,GLOBAL_500_V1,baseline
10.1.26.169,18.905854,73.186262,PTZ Camera,Axis P5655-E,Mumbai Sector 3,2025-08-12,554,BT,IN,Asia,GLOBAL_500_V1,baseline
10.1.26.170,1.598728,103.658581,IP Camera,Axis P5655-E,Singapore Sector 4,2025-04-05,8080,Lumen,SG,Asia,GLOBAL_500_V1,baseline
10.1.26.171,36.04829,139.566753,Dome Camera,Hikvision DS-2CD2085G1,Tokyo Sector 5,2025-10-05,443,Verizon,JP,Asia,GLOBAL_500_V1,baseline
10.1.26.172,37.396511,126.984116,IP Camera,Axis P5655-E,Seoul Sector 6,2026-01-04,443,Lumen,KR,Asia,GLOBAL_500_V1,baseline
10.1.26.173,14.059579,100.276341,PTZ Camera,Dahua SD49425XB,Bangkok Sector 7,2025-10-25,554,BT,TH,Asia,GLOBAL_500_V1,baseline
10.1.26.174,-6.204186,106.967469,PTZ Camera,Dahua SD49425XB,Jakarta Sector 8,2026-03-09,8080,BT,ID,Asia,GLOBAL_500_V1,baseline
10.1.26.175,-34.158975,151.542733,Dome Camera,Axis P5655-E,Sydney Sector 9,2025-10-27,554,Verizon,AU,Oceania,GLOBAL_500_V1,baseline
10.1.26.176,-38.007038,144.861009,PTZ Camera,Axis P5655-E,Melbourne Sector 10,2025-12-29,443,Lumen,AU,Oceania,GLOBAL_500_V1,baseline
10.1.26.177,-37.058725,174.683056,Bullet Camera,Axis P5655-E,Auckland Sector 11,2026-03-11,443,Comcast,NZ,Oceania,GLOBAL_500_V1,baseline
10.1.26.178,-32.199107,115.958009,Dome Camera,Bosch FLEXIDOME,Perth Sector 12,2024-09-27,8080,Cloudflare,AU,Oceania,GLOBAL_500_V1,baseline
10.1.27.179,38.870298,-77.290512,Bullet Camera,Hanwha XNV-8080R,Washington Sector 13,2026-01-05,80,Comcast,US,North America,GLOBAL_500_V1,baseline
10.1.27.180,40.723162,-73.85988,Dome Camera,Dahua SD49425XB,New York Sector 14,2025-06-03,80,BT,US,North America,GLOBAL_500_V1,baseline
10.1.27.181,19.040053,-98.693675,Dome Camera,Sony SNC-EP580,Mexico City Sector 15,2025-11-05,554,Lumen,MX,North America,GLOBAL_500_V1,baseline
10.1.27.182,43.338136,-79.144273,Bullet Camera,Sony SNC-EP580,Toronto Sector 16,2025-04-06,554,AT&T,CA,North America,GLOBAL_500_V1,baseline
10.1.27.183,4.910155,-73.932239,Bullet Camera,Bosch FLEXIDOME,Bogota Sector 17,2025-01-03,8080,Comcast,CO,South America,GLOBAL_500_V1,baseline
10.1.27.184,-11.971679,-76.597522,PTZ Camera,Sony SNC-EP580,Lima Sector 18,2025-06-11,8080,Cloudflare,PE,South America,GLOBAL_500_V1,baseline
10.1.27.185,-23.543917,-46.322423,PTZ Camera,Dahua SD49425XB,Sao Paulo Sector 19,2025-04-17,80,BT,BR,South America,GLOBAL_500_V1,baseline
10.1.27.186,-34.93855,-58.598813,Dome Camera,Sony SNC-EP580,Buenos Aires Sector 20,2025-07-22,80,Lumen,AR,South America,GLOBAL_500_V1,baseline
10.1.27.187,51.377155,0.091989,Dome Camera,Dahua SD49425XB,London Sector 1,2026-01-29,554,BT,GB,Europe,GLOBAL_500_V1,baseline
10.1.27.188,49.172692,2.325683,IP Camera,Bosch FLEXIDOME,Paris Sector 2,2025-04-10,443,Verizon,FR,Europe,GLOBAL_500_V1,baseline
10.1.27.189,52.850748,13.298502,PTZ Camera,Axis P5655-E,Berlin Sector 3,2026-03-06,443,Cloudflare,DE,Europe,GLOBAL_500_V1,baseline
10.1.27.190,40.335073,-3.641337,PTZ Camera,Dahua SD49425XB,Madrid Sector 4,2024-11-13,443,Verizon,ES,Europe,GLOBAL_500_V1,baseline
10.1.27.191,41.891623,12.614329,IP Camera,Bosch FLEXIDOME,Rome Sector 5,2026-03-05,554,Lumen,IT,Europe,GLOBAL_500_V1,baseline
10.1.27.192,52.464774,20.713945,IP Camera,Axis P5655-E,Warsaw Sector 6,2025-05-04,8080,Airtel,PL,Europe,GLOBAL_500_V1,baseline
10.1.27.193,29.957454,31.654495,PTZ Camera,Sony SNC-EP580,Cairo Sector 7,2026-03-08,554,Comcast,EG,Africa,GLOBAL_500_V1,baseline
10.1.27.194,6.877206,3.610363,IP Camera,Sony SNC-EP580,Lagos Sector 8,2025-12-08,443,Lumen,NG,Africa,GLOBAL_500_V1,baseline
10.1.28.195,-1.117928,36.681815,Dome Camera,Axis P5655-E,Nairobi Sector 9,2026-01-22,80,Comcast,KE,Africa,GLOBAL_500_V1,baseline
10.1.28.196,-26.385718,27.859045,Dome Camera,Bosch FLEXIDOME,Johannesburg Sector 10,2025-04-07,443,Cloudflare,ZA,Africa,GLOBAL_500_V1,baseline
10.1.28.197,34.019625,-7.598639,Bullet Camera,Hikvision DS-2CD2085G1,Casablanca Sector 11,2025-07-26,443,Lumen,MA,Africa,GLOBAL_500_V1,baseline
10.1.28.198,5.808152,-0.518915,PTZ Camera,Hikvision DS-2CD2085G1,Accra Sector 12,2025-04-09,554,Comcast,GH,Africa,GLOBAL_500_V1,baseline
10.1.28.199,25.092473,55.397089,IP Camera,Sony SNC-EP580,Dubai Sector 13,2025-08-25,80,Comcast,AE,Middle East,GLOBAL_500_V1,baseline
10.1.28.200,24.307012,46.329511,Dome Camera,Bosch FLEXIDOME,Riyadh Sector 14,2025-11-25,443,Lumen,SA,Middle East,GLOBAL_500_V1,baseline
10.1.28.201,32.260973,34.89908,Dome Camera,Hanwha XNV-8080R,Tel Aviv Sector 15,2026-02-28,443,Airtel,IL,Middle East,GLOBAL_500_V1,baseline
10.1.28.202,25.582987,51.175423,Dome Camera,Hikvision DS-2CD2085G1,Doha Sector 16,2025-08-07,80,BT,QA,Middle East,GLOBAL_500_V1,baseline
10.1.28.203,40.736982,28.708174,PTZ Camera,Dahua SD49425XB,Istanbul Sector 17,2026-01-05,8080,DigitalOcean,TR,Middle East,GLOBAL_500_V1,baseline
10.1.28.204,28.308236,77.252325,Dome Camera,Axis P5655-E,Delhi Sector 18,2024-11-07,80,Comcast,IN,Asia,GLOBAL_500_V1,baseline
10.1.28.205,19.23047,73.243892,PTZ Camera,Hikvision DS-2CD2085G1,Mumbai Sector 19,2025-05-03,80,Verizon,IN,Asia,GLOBAL_500_V1,baseline
10.1.28.206,1.716401,103.949703,Dome Camera,Bosch FLEXIDOME,Singapore Sector 20,2025-11-03,80,Verizon,SG,Asia,GLOBAL_500_V1,baseline
10.1.28.207,35.958061,139.987026,Dome Camera,Bosch FLEXIDOME,Tokyo Sector 1,2025-06-06,80,Verizon,JP,Asia,GLOBAL_500_V1,baseline
10.1.28.208,37.882621,127.329263,PTZ Camera,Dahua SD49425XB,Seoul Sector 2,2026-02-23,554,BT,KR,Asia,GLOBAL_500_V1,baseline
10.1.28.209,14.16588,100.293278,Dome Camera,Axis P5655-E,Bangkok Sector 3,2025-06-03,80,Airtel,TH,Asia,GLOBAL_500_V1,baseline
10.1.28.210,-6.298575,106.806485,Bullet Camera,Sony SNC-EP580,Jakarta Sector 4,2025-05-07,443,Verizon,ID,Asia,GLOBAL_500_V1,baseline
10.1.29.211,-34.19954,151.41307,IP Camera,Bosch FLEXIDOME,Sydney Sector 5,2025-01-29,8080,BT,AU,Oceania,GLOBAL_500_V1,baseline
10.1.29.212,-38.100465,144.854876,PTZ Camera,Bosch FLEXIDOME,Melbourne Sector 6,2026-03-09,8080,Verizon,AU,Oceania,GLOBAL_500_V1,baseline
10.1.29.213,-36.502065,174.711119,IP Camera,Sony SNC-EP580,Auckland Sector 7,2026-01-31,443,Cloudflare,NZ,Oceania,GLOBAL_500_V1,baseline
10.1.29.214,-31.93331,116.029917,PTZ Camera,Bosch FLEXIDOME,Perth Sector 8,2025-10-16,554,Airtel,AU,Oceania,GLOBAL_500_V1,baseline
10.1.29.215,38.590989,-76.743106,IP Camera,Sony SNC-EP580,Washington Sector 9,2025-08-24,443,BT,US,North America,GLOBAL_500_V1,baseline
10.1.29.216,41.029484,-73.673526,Dome Camera,Axis P5655-E,New York Sector 10,2026-01-09,554,DigitalOcean,US,North America,GLOBAL_500_V1,baseline
10.1.29.217,19.027916,-99.382764,PTZ Camera,Hikvision DS-2CD2085G1,Mexico City Sector 11,2025-10-20,8080,BT,MX,North America,GLOBAL_500_V1,baseline
10.1.29.218,43.924335,-79.429911,Dome Camera,Hikvision DS-2CD2085G1,Toronto Sector 12,2025-05-15,8080,Comcast,CA,North America,GLOBAL_500_V1,baseline
10.1.29.219,4.353379,-74.150995,IP Camera,Hanwha XNV-8080R,Bogota Sector 13,2025-12-10,554,Lumen,CO,South America,GLOBAL_500_V1,baseline
10.1.29.220,-11.907264,-77.082213,PTZ Camera,Bosch FLEXIDOME,Lima Sector 14,2026-03-06,554,BT,PE,South America,GLOBAL_500_V1,baseline
10.1.29.221,-23.355508,-46.756335,PTZ Camera,Hikvision DS-2CD2085G1,Sao Paulo Sector 15,2025-11-28,554,Cloudflare,BR,South America,GLOBAL_500_V1,baseline
10.1.29.222,-34.306805,-57.96361,Dome Camera,Sony SNC-EP580,Buenos Aires Sector 16,2026-01-05,80,Comcast,AR,South America,GLOBAL_500_V1,baseline
10.1.29.223,51.864589,-0.13462,IP Camera,Dahua SD49425XB,London Sector 17,2025-05-25,443,Lumen,GB,Europe,GLOBAL_500_V1,baseline
10.1.29.224,48.515271,2.669175,Dome Camera,Hikvision DS-2CD2085G1,Paris Sector 18,2026-02-16,8080,Comcast,FR,Europe,GLOBAL_500_V1,baseline
10.1.29.225,52.903964,13.70872,Bullet Camera,Sony SNC-EP580,Berlin Sector 19,2025-10-14,443,BT,DE,Europe,GLOBAL_500_V1,baseline
10.1.29.226,39.970704,-3.491207,Bullet Camera,Hanwha XNV-8080R,Madrid Sector 20,2025-10-16,443,AT&T,ES,Europe,GLOBAL_500_V1,baseline
10.1.30.227,42.110245,12.161944,Dome Camera,Hanwha XNV-8080R,Rome Sector 1,2025-12-26,8080,Airtel,IT,Europe,GLOBAL_500_V1,baseline
10.1.30.228,52.661251,21.386519,Bullet Camera,Dahua SD49425XB,Warsaw Sector 2,2025-06-28,554,BT,PL,Europe,GLOBAL_500_V1,baseline
10.1.30.229,30.318717,30.910062,Dome Camera,Sony SNC-EP580,Cairo Sector 3,2025-10-06,554,Lumen,EG,Africa,GLOBAL_500_V1,baseline
10.1.30.230,6.2552,3.490951,PTZ Camera,Sony SNC-EP580,Lagos Sector 4,2026-01-27,443,Cloudflare,NG,Africa,GLOBAL_500_V1,baseline
10.1.30.231,-1.102783,37.056598,Bullet Camera,Sony SNC-EP580,Nairobi Sector 5,2025-09-27,554,Airtel,KE,Africa,GLOBAL_500_V1,baseline
10.1.30.232,-25.926626,28.067757,IP Camera,Sony SNC-EP580,Johannesburg Sector 6,2026-02-22,80,Lumen,ZA,Africa,GLOBAL_500_V1,baseline
10.1.30.233,33.36338,-7.332821,PTZ Camera,Hikvision DS-2CD2085G1,Casablanca Sector 7,2025-01-05,554,Lumen,MA,Africa,GLOBAL_500_V1,baseline
10.1.30.234,5.831935,-0.607924,PTZ Camera,Sony SNC-EP580,Accra Sector 8,2025-08-11,8080,Lumen,GH,Africa,GLOBAL_500_V1,baseline
10.1.30.235,25.21463,55.53795,Bullet Camera,Bosch FLEXIDOME,Dubai Sector 9,2025-12-04,8080,Cloudflare,AE,Middle East,GLOBAL_500_V1,baseline
10.1.30.236,25.13285,46.273722,Bullet Camera,Axis P5655-E,Riyadh Sector 10,2025-07-17,554,Lumen,SA,Middle East,GLOBAL_500_V1,baseline
10.1.30.237,32.333832,35.199661,IP Camera,Axis P5655-E,Tel Aviv Sector 11,2026-02-18,443,Verizon,IL,Middle East,GLOBAL_500_V1,baseline
10.1.30.238,25.174878,51.466657,PTZ Camera,Hanwha XNV-8080R,Doha Sector 12,2025-11-24,554,Comcast,QA,Middle East,GLOBAL_500_V1,baseline
10.1.30.239,40.855707,29.16712,Dome Camera,Hanwha XNV-8080R,Istanbul Sector 13,2026-02-21,80,DigitalOcean,TR,Middle East,GLOBAL_500_V1,baseline
10.1.30.240,28.605396,77.274409,PTZ Camera,Axis P5655-E,Delhi Sector 14,2026-01-31,80,AT&T,IN,Asia,GLOBAL_500_V1,baseline
10.1.30.241,19.000338,72.911032,PTZ Camera,Sony SNC-EP580,Mumbai Sector 15,2026-02-12,554,Cloudflare,IN,Asia,GLOBAL_500_V1,baseline
10.1.30.242,1.226818,103.566401,Bullet Camera,Hanwha XNV-8080R,Singapore Sector 16,2025-04-24,80,Verizon,SG,Asia,GLOBAL_500_V1,baseline
10.1.31.243,35.828245,139.601401,PTZ Camera,Hikvision DS-2CD2085G1,Tokyo Sector 17,2024-10-04,554,Airtel,JP,Asia,GLOBAL_500_V1,baseline
10.1.31.244,37.940839,127.378489,Dome Camera,Hikvision DS-2CD2085G1,Seoul Sector 18,2026-01-02,554,BT,KR,Asia,GLOBAL_500_V1,baseline
10.1.31.245,13.744424,100.318591,IP Camera,Hikvision DS-2CD2085G1,Bangkok Sector 19,2025-10-30,443,Comcast,TH,Asia,GLOBAL_500_V1,baseline
10.1.31.246,-6.09456,106.585303,Bullet Camera,Hikvision DS-2CD2085G1,Jakarta Sector 20,2025-11-13,443,Airtel,ID,Asia,GLOBAL_500_V1,baseline
